task_id,method,turn,query,detected_intent_count,intent_number,selected_tools_per_intent,intent_texts
compound_001,octopus_full,1,Find the latest Nvidia news and email a summary to Tom,2,1|2,2|11,Find the latest Nvidia news || email a summary to Tom
compound_001,octopus_no_intent,1,Find the latest Nvidia news and email a summary to Tom,1,1,3,Find the latest Nvidia news and email a summary to Tom
compound_001,octopus_fixed_k_1,1,Find the latest Nvidia news and email a summary to Tom,2,1|2,1|1,Find the latest Nvidia news || email a summary to Tom
compound_001,octopus_fixed_k_2,1,Find the latest Nvidia news and email a summary to Tom,2,1|2,2|2,Find the latest Nvidia news || email a summary to Tom
compound_001,octopus_fixed_k_4,1,Find the latest Nvidia news and email a summary to Tom,2,1|2,4|4,Find the latest Nvidia news || email a summary to Tom
compound_001,octopus_fixed_k_8,1,Find the latest Nvidia news and email a summary to Tom,2,1|2,8|8,Find the latest Nvidia news || email a summary to Tom
compound_001,octopus_fixed_k_16,1,Find the latest Nvidia news and email a summary to Tom,2,1|2,16|16,Find the latest Nvidia news || email a summary to Tom
compound_001,octopus_no_memory,1,Find the latest Nvidia news and email a summary to Tom,2,1|2,2|11,Find the latest Nvidia news || email a summary to Tom
compound_002,octopus_full,1,Get the current sprint work items and create a Word report,2,1|2,12|4,Get the current sprint work items || create a Word report
compound_002,octopus_no_intent,1,Get the current sprint work items and create a Word report,1,1,1,Get the current sprint work items and create a Word report
compound_002,octopus_fixed_k_1,1,Get the current sprint work items and create a Word report,2,1|2,1|1,Get the current sprint work items || create a Word report
compound_002,octopus_fixed_k_2,1,Get the current sprint work items and create a Word report,2,1|2,2|2,Get the current sprint work items || create a Word report
compound_002,octopus_fixed_k_4,1,Get the current sprint work items and create a Word report,2,1|2,4|4,Get the current sprint work items || create a Word report
compound_002,octopus_fixed_k_8,1,Get the current sprint work items and create a Word report,2,1|2,8|8,Get the current sprint work items || create a Word report
compound_002,octopus_fixed_k_16,1,Get the current sprint work items and create a Word report,2,1|2,16|16,Get the current sprint work items || create a Word report
compound_002,octopus_no_memory,1,Get the current sprint work items and create a Word report,2,1|2,12|4,Get the current sprint work items || create a Word report
compound_003,octopus_full,1,Find a GitHub repository and update a file in it,2,1|2,16|1,Find a GitHub repository || update a file in it
compound_003,octopus_no_intent,1,Find a GitHub repository and update a file in it,1,1,1,Find a GitHub repository and update a file in it
compound_003,octopus_fixed_k_1,1,Find a GitHub repository and update a file in it,2,1|2,1|1,Find a GitHub repository || update a file in it
compound_003,octopus_fixed_k_2,1,Find a GitHub repository and update a file in it,2,1|2,2|2,Find a GitHub repository || update a file in it
compound_003,octopus_fixed_k_4,1,Find a GitHub repository and update a file in it,2,1|2,4|4,Find a GitHub repository || update a file in it
compound_003,octopus_fixed_k_8,1,Find a GitHub repository and update a file in it,2,1|2,8|8,Find a GitHub repository || update a file in it
compound_003,octopus_fixed_k_16,1,Find a GitHub repository and update a file in it,2,1|2,16|16,Find a GitHub repository || update a file in it
compound_003,octopus_no_memory,1,Find a GitHub repository and update a file in it,2,1|2,16|1,Find a GitHub repository || update a file in it
compound_004,octopus_full,1,Check my leave balance and email my manager,2,1|2,5|5,Check my leave balance || email my manager
compound_004,octopus_no_intent,1,Check my leave balance and email my manager,1,1,5,Check my leave balance and email my manager
compound_004,octopus_fixed_k_1,1,Check my leave balance and email my manager,2,1|2,1|1,Check my leave balance || email my manager
compound_004,octopus_fixed_k_2,1,Check my leave balance and email my manager,2,1|2,2|2,Check my leave balance || email my manager
compound_004,octopus_fixed_k_4,1,Check my leave balance and email my manager,2,1|2,4|4,Check my leave balance || email my manager
compound_004,octopus_fixed_k_8,1,Check my leave balance and email my manager,2,1|2,8|8,Check my leave balance || email my manager
compound_004,octopus_fixed_k_16,1,Check my leave balance and email my manager,2,1|2,16|16,Check my leave balance || email my manager
compound_004,octopus_no_memory,1,Check my leave balance and email my manager,2,1|2,5|5,Check my leave balance || email my manager
compound_005,octopus_full,1,List my files and send a file summary by email,2,1|2,7|16,List my files || send a file summary by email
compound_005,octopus_no_intent,1,List my files and send a file summary by email,1,1,1,List my files and send a file summary by email
compound_005,octopus_fixed_k_1,1,List my files and send a file summary by email,2,1|2,1|1,List my files || send a file summary by email
compound_005,octopus_fixed_k_2,1,List my files and send a file summary by email,2,1|2,2|2,List my files || send a file summary by email
compound_005,octopus_fixed_k_4,1,List my files and send a file summary by email,2,1|2,4|4,List my files || send a file summary by email
compound_005,octopus_fixed_k_8,1,List my files and send a file summary by email,2,1|2,8|8,List my files || send a file summary by email
compound_005,octopus_fixed_k_16,1,List my files and send a file summary by email,2,1|2,16|16,List my files || send a file summary by email
compound_005,octopus_no_memory,1,List my files and send a file summary by email,2,1|2,7|16,List my files || send a file summary by email
compound_006,octopus_full,1,List Railway projects and check a service status,2,1|2,7|4,List Railway projects || check a service status
compound_006,octopus_no_intent,1,List Railway projects and check a service status,1,1,3,List Railway projects and check a service status
compound_006,octopus_fixed_k_1,1,List Railway projects and check a service status,2,1|2,1|1,List Railway projects || check a service status
compound_006,octopus_fixed_k_2,1,List Railway projects and check a service status,2,1|2,2|2,List Railway projects || check a service status
compound_006,octopus_fixed_k_4,1,List Railway projects and check a service status,2,1|2,4|4,List Railway projects || check a service status
compound_006,octopus_fixed_k_8,1,List Railway projects and check a service status,2,1|2,8|8,List Railway projects || check a service status
compound_006,octopus_fixed_k_16,1,List Railway projects and check a service status,2,1|2,16|16,List Railway projects || check a service status
compound_006,octopus_no_memory,1,List Railway projects and check a service status,2,1|2,7|4,List Railway projects || check a service status
compound_007,octopus_full,1,Search Outlook mail and reply to the latest message,2,1|2,1|2,Search Outlook mail || reply to the latest message
compound_007,octopus_no_intent,1,Search Outlook mail and reply to the latest message,1,1,3,Search Outlook mail and reply to the latest message
compound_007,octopus_fixed_k_1,1,Search Outlook mail and reply to the latest message,2,1|2,1|1,Search Outlook mail || reply to the latest message
compound_007,octopus_fixed_k_2,1,Search Outlook mail and reply to the latest message,2,1|2,2|2,Search Outlook mail || reply to the latest message
compound_007,octopus_fixed_k_4,1,Search Outlook mail and reply to the latest message,2,1|2,4|4,Search Outlook mail || reply to the latest message
compound_007,octopus_fixed_k_8,1,Search Outlook mail and reply to the latest message,2,1|2,8|8,Search Outlook mail || reply to the latest message
compound_007,octopus_fixed_k_16,1,Search Outlook mail and reply to the latest message,2,1|2,16|16,Search Outlook mail || reply to the latest message
compound_007,octopus_no_memory,1,Search Outlook mail and reply to the latest message,2,1|2,1|2,Search Outlook mail || reply to the latest message
compound_008,octopus_full,1,Find a sprint and export its work to SharePoint,2,1|2,4|4,Find a sprint || export its work to SharePoint
compound_008,octopus_no_intent,1,Find a sprint and export its work to SharePoint,1,1,1,Find a sprint and export its work to SharePoint
compound_008,octopus_fixed_k_1,1,Find a sprint and export its work to SharePoint,2,1|2,1|1,Find a sprint || export its work to SharePoint
compound_008,octopus_fixed_k_2,1,Find a sprint and export its work to SharePoint,2,1|2,2|2,Find a sprint || export its work to SharePoint
compound_008,octopus_fixed_k_4,1,Find a sprint and export its work to SharePoint,2,1|2,4|4,Find a sprint || export its work to SharePoint
compound_008,octopus_fixed_k_8,1,Find a sprint and export its work to SharePoint,2,1|2,8|8,Find a sprint || export its work to SharePoint
compound_008,octopus_fixed_k_16,1,Find a sprint and export its work to SharePoint,2,1|2,16|16,Find a sprint || export its work to SharePoint
compound_008,octopus_no_memory,1,Find a sprint and export its work to SharePoint,2,1|2,4|4,Find a sprint || export its work to SharePoint
compound_009,octopus_full,1,Create a Word document and convert it to PDF,2,1|2,1|1,Create a Word document || convert it to PDF
compound_009,octopus_no_intent,1,Create a Word document and convert it to PDF,1,1,1,Create a Word document and convert it to PDF
compound_009,octopus_fixed_k_1,1,Create a Word document and convert it to PDF,2,1|2,1|1,Create a Word document || convert it to PDF
compound_009,octopus_fixed_k_2,1,Create a Word document and convert it to PDF,2,1|2,2|2,Create a Word document || convert it to PDF
compound_009,octopus_fixed_k_4,1,Create a Word document and convert it to PDF,2,1|2,4|4,Create a Word document || convert it to PDF
compound_009,octopus_fixed_k_8,1,Create a Word document and convert it to PDF,2,1|2,8|8,Create a Word document || convert it to PDF
compound_009,octopus_fixed_k_16,1,Create a Word document and convert it to PDF,2,1|2,16|16,Create a Word document || convert it to PDF
compound_009,octopus_no_memory,1,Create a Word document and convert it to PDF,2,1|2,1|1,Create a Word document || convert it to PDF
compound_010,octopus_full,1,Get a database schema and select its table data,2,1|2,1|1,Get a database schema || select its table data
compound_010,octopus_no_intent,1,Get a database schema and select its table data,1,1,3,Get a database schema and select its table data
compound_010,octopus_fixed_k_1,1,Get a database schema and select its table data,2,1|2,1|1,Get a database schema || select its table data
compound_010,octopus_fixed_k_2,1,Get a database schema and select its table data,2,1|2,2|2,Get a database schema || select its table data
compound_010,octopus_fixed_k_4,1,Get a database schema and select its table data,2,1|2,4|4,Get a database schema || select its table data
compound_010,octopus_fixed_k_8,1,Get a database schema and select its table data,2,1|2,8|8,Get a database schema || select its table data
compound_010,octopus_fixed_k_16,1,Get a database schema and select its table data,2,1|2,16|16,Get a database schema || select its table data
compound_010,octopus_no_memory,1,Get a database schema and select its table data,2,1|2,1|1,Get a database schema || select its table data
