method,task_count,turn_count,required_recall,complete_required_rate,supporting_recall,mean_exposed_tools_per_turn,median_exposed_tools_per_turn,p90_exposed_tools_per_turn,p95_exposed_tools_per_turn,max_exposed_tools_per_turn,mean_schema_tokens_per_turn,schema_token_reduction,mean_unique_tools_per_task,category
octopus_fixed_k_1,10,10,0.8,0.8,0.03333333333333333,1,1.0,1,1,1,239.1,0.9905179251269036,1,capability_family
octopus_fixed_k_16,10,10,1.0,1,0.95,16,16.0,16,16,16,3308.9,0.8687777601522843,16,capability_family
octopus_fixed_k_2,10,10,0.9,0.9,0.23333333333333334,2,2.0,2,2,2,444,0.9823921319796954,2,capability_family
octopus_fixed_k_4,10,10,1.0,1,0.45,4,4.0,4,4,4,882.2,0.9650142766497461,4,capability_family
octopus_fixed_k_8,10,10,1.0,1,0.65,8,8.0,8,8,8,1662.1,0.9340855012690356,8,capability_family
octopus_full,10,10,1.0,1,0.4,3.3,1.5,7,11,11,696.2,0.9723905456852792,3.3,capability_family
octopus_no_intent,10,10,1.0,1,0.4,3.3,1.5,7,11,11,696.2,0.9723905456852792,3.3,capability_family
octopus_no_memory,10,10,1.0,1,0.4,3.3,1.5,7,11,11,696.2,0.9723905456852792,3.3,capability_family
octopus_fixed_k_1,10,10,0.55,0.3,0.0,2,2.0,2,2,2,451.3,0.9821026332487309,2,compound
octopus_fixed_k_16,10,10,1.0,1,1.0,26.4,29.5,30,30,30,5340.5,0.788209866751269,26.4,compound
octopus_fixed_k_2,10,10,0.8,0.6,0.2,3.9,4.0,4,4,4,891.7,0.9646375317258883,3.9,compound
octopus_fixed_k_4,10,10,0.85,0.7,0.7,7.4,8.0,8,8,8,1668.2,0.9338435913705584,7.4,compound
octopus_fixed_k_8,10,10,1.0,1,0.9,14.2,15.0,16,16,16,3041.2,0.8793940355329949,14.2,compound
octopus_full,10,10,0.95,0.9,0.6,10.4,10.0,17,23,23,2264,0.9102157360406091,10.4,compound
octopus_no_intent,10,10,0.45,0.2,0.1,2.2,2.0,3,5,5,483.6,0.9808217005076142,2.2,compound
octopus_no_memory,10,10,0.95,0.9,0.6,10.4,10.0,17,23,23,2264,0.9102157360406091,10.4,compound
octopus_fixed_k_1,10,10,0.7,0.7,0.03333333333333333,1,1.0,1,1,1,252.4,0.9899904822335026,1,hidden_dependency
octopus_fixed_k_16,10,10,0.9,0.9,0.65,16,16.0,16,16,16,3430,0.8639752538071066,16,hidden_dependency
octopus_fixed_k_2,10,10,0.8,0.8,0.13333333333333333,2,2.0,2,2,2,478.7,0.981016021573604,2,hidden_dependency
octopus_fixed_k_4,10,10,0.9,0.9,0.26666666666666666,4,4.0,4,4,4,958.3,0.9619963515228427,4,hidden_dependency
octopus_fixed_k_8,10,10,0.9,0.9,0.4,8,8.0,8,8,8,1739.9,0.9310001586294416,8,hidden_dependency
octopus_full,10,10,0.9,0.9,0.3,2.9,2.5,5,7,7,661.7,0.9737587246192894,2.9,hidden_dependency
octopus_no_intent,10,10,0.9,0.9,0.3,2.9,2.5,5,7,7,661.7,0.9737587246192894,2.9,hidden_dependency
octopus_no_memory,10,10,0.9,0.9,0.3,2.9,2.5,5,7,7,661.7,0.9737587246192894,2.9,hidden_dependency
octopus_fixed_k_1,10,20,0.7,0.7,0.55,1.5,1.5,2,2,2,296.35,0.9882475412436549,2,multi_turn
octopus_fixed_k_16,10,20,0.95,0.95,1.0,20.95,18.0,30,30,30,4344.1,0.8277244606598985,26.4,multi_turn
octopus_fixed_k_2,10,20,0.85,0.85,0.7,2.75,2.0,4,4,4,574.1,0.9772327093908629,3.5,multi_turn
octopus_fixed_k_4,10,20,0.95,0.95,0.9,5.3,4.0,8,8,8,1160.85,0.9539637531725889,6.6,multi_turn
octopus_fixed_k_8,10,20,0.95,0.95,0.95,10.65,9.0,16,16,16,2266.9,0.9101007296954314,13.3,multi_turn
octopus_full,10,20,0.85,0.85,0.85,4.85,4.0,6,13,17,982.6,0.9610326776649746,6.5,multi_turn
octopus_no_intent,10,20,0.85,0.85,0.85,4.85,4.0,6,13,17,982.6,0.9610326776649746,6.5,multi_turn
octopus_no_memory,10,20,0.85,0.85,0.75,3.6,2.5,6,11,14,731.65,0.9709846922588833,6.5,multi_turn
octopus_fixed_k_1,10,10,0.9,0.9,1.0,1,1.0,1,1,1,203.9,0.9919138642131979,1,single_capability
octopus_fixed_k_16,10,10,1.0,1,1.0,16,16.0,16,16,16,3384.7,0.8657717322335026,16,single_capability
octopus_fixed_k_2,10,10,1.0,1,1.0,2,2.0,2,2,2,423.2,0.9832170050761422,2,single_capability
octopus_fixed_k_4,10,10,1.0,1,1.0,4,4.0,4,4,4,890.2,0.9646970177664974,4,single_capability
octopus_fixed_k_8,10,10,1.0,1,1.0,8,8.0,8,8,8,1701.2,0.9325348984771573,8,single_capability
octopus_full,10,10,0.9,0.9,1.0,1.6,1.0,4,4,4,341.8,0.9864451142131979,1.6,single_capability
octopus_no_intent,10,10,0.9,0.9,1.0,1.6,1.0,4,4,4,341.8,0.9864451142131979,1.6,single_capability
octopus_no_memory,10,10,0.9,0.9,1.0,1.6,1.0,4,4,4,341.8,0.9864451142131979,1.6,single_capability
