task_id,query,required_tools,octopus_full_required_hits,octopus_full_required_misses,dense_4_required_hits,dense_4_required_misses,dense_8_required_hits,dense_8_required_misses,dense_16_required_hits,dense_16_required_misses
single_001,Search the web for the latest Nvidia news,web_search_tools_web_search,web_search_tools_web_search,,web_search_tools_web_search,,web_search_tools_web_search,,web_search_tools_web_search,
single_002,List my Railway projects,railway_tools_project_list,railway_tools_project_list,,railway_tools_project_list,,railway_tools_project_list,,railway_tools_project_list,
single_003,Show my leave applications,carrot_mcp_server_api_list_leave_application,carrot_mcp_server_api_list_leave_application,,carrot_mcp_server_api_list_leave_application,,carrot_mcp_server_api_list_leave_application,,carrot_mcp_server_api_list_leave_application,
single_004,Find GitHub repositories about vector databases,github_mcp_server_search_repositories,github_mcp_server_search_repositories,,github_mcp_server_search_repositories,,github_mcp_server_search_repositories,,github_mcp_server_search_repositories,
single_005,Get the current sprint details,project_management_tools_get_sprint,project_management_tools_get_sprint,,project_management_tools_get_sprint,,project_management_tools_get_sprint,,project_management_tools_get_sprint,
single_006,List the files available to me,quest_studio_file_storage_get_files,quest_studio_file_storage_get_files,,quest_studio_file_storage_get_files,,quest_studio_file_storage_get_files,,quest_studio_file_storage_get_files,
single_007,Check database connectivity,supabase_mcp_check_database_health,supabase_mcp_check_database_health,,supabase_mcp_check_database_health,,supabase_mcp_check_database_health,,supabase_mcp_check_database_health,
single_008,List the teams in my project,project_management_tools_list_teams,project_management_tools_list_teams,,project_management_tools_list_teams,,project_management_tools_list_teams,,project_management_tools_list_teams,
single_009,Show my storage usage,quest_studio_file_storage_get_storage_usage,quest_studio_file_storage_get_storage_usage,,quest_studio_file_storage_get_storage_usage,,quest_studio_file_storage_get_storage_usage,,quest_studio_file_storage_get_storage_usage,
single_010,List services in my Railway project,railway_tools_service_list,,railway_tools_service_list,railway_tools_service_list,,railway_tools_service_list,,railway_tools_service_list,
