task_id,turn,query,full_newly_retrieved,full_retained,full_expired,full_exposed,full_required_hits,full_required_misses,full_supporting_hits,full_supporting_misses,full_required_recall,full_supporting_recall,no_memory_newly_retrieved,no_memory_retained,no_memory_expired,no_memory_exposed,no_memory_required_hits,no_memory_required_misses,no_memory_supporting_hits,no_memory_supporting_misses,no_memory_required_recall,no_memory_supporting_recall
conversation_001,1,Find the latest Nvidia news,github_mcp_server_search_repositories;web_search_tools_web_search,,,github_mcp_server_search_repositories;web_search_tools_web_search,web_search_tools_web_search,,,,1.0,1.0,github_mcp_server_search_repositories;web_search_tools_web_search,,,github_mcp_server_search_repositories;web_search_tools_web_search,web_search_tools_web_search,,,,1.0,1.0
conversation_001,2,Email it to Tom,outlook_mail_management_compose_email;gmail_tools_send_google_email;outlook_mail_management_send_email;outlook_mail_management_reply_to_email;gmail_tools_reply_google_email;gmail_tools_forward_google_email;gmail_tools_get_google_emails;outlook_mail_management_forward_email;gmail_tools_delete_google_email;outlook_mail_management_search_outlook_mail;outlook_mail_management_find_email_address,github_mcp_server_search_repositories;web_search_tools_web_search,,github_mcp_server_search_repositories;web_search_tools_web_search;outlook_mail_management_compose_email;gmail_tools_send_google_email;outlook_mail_management_send_email;outlook_mail_management_reply_to_email;gmail_tools_reply_google_email;gmail_tools_forward_google_email;gmail_tools_get_google_emails;outlook_mail_management_forward_email;gmail_tools_delete_google_email;outlook_mail_management_search_outlook_mail;outlook_mail_management_find_email_address,outlook_mail_management_send_email,,outlook_mail_management_find_email_address,,1.0,1.0,outlook_mail_management_compose_email;gmail_tools_send_google_email;outlook_mail_management_send_email;outlook_mail_management_reply_to_email;gmail_tools_reply_google_email;gmail_tools_forward_google_email;gmail_tools_get_google_emails;outlook_mail_management_forward_email;gmail_tools_delete_google_email;outlook_mail_management_search_outlook_mail;outlook_mail_management_find_email_address,,,outlook_mail_management_compose_email;gmail_tools_send_google_email;outlook_mail_management_send_email;outlook_mail_management_reply_to_email;gmail_tools_reply_google_email;gmail_tools_forward_google_email;gmail_tools_get_google_emails;outlook_mail_management_forward_email;gmail_tools_delete_google_email;outlook_mail_management_search_outlook_mail;outlook_mail_management_find_email_address,outlook_mail_management_send_email,,outlook_mail_management_find_email_address,,1.0,1.0
conversation_002,1,Get the sprint work items,project_management_tools_list_work_items;project_management_tools_list_sprints;project_management_tools_get_sprint,,,project_management_tools_list_work_items;project_management_tools_list_sprints;project_management_tools_get_sprint,project_management_tools_list_work_items,,,,1.0,1.0,project_management_tools_list_work_items;project_management_tools_list_sprints;project_management_tools_get_sprint,,,project_management_tools_list_work_items;project_management_tools_list_sprints;project_management_tools_get_sprint,project_management_tools_list_work_items,,,,1.0,1.0
conversation_002,2,Create a Word report from them,office_word_mcp_server_api_add_table;office_word_mcp_server_api_create_word_document;office_word_mcp_server_api_add_heading;office_word_mcp_server_api_add_paragraph;office_word_mcp_server_api_convert_to_pdf;office_word_mcp_server_api_add_picture;office_word_mcp_server_api_add_page_break;office_word_mcp_server_api_get_document_xml;office_word_mcp_server_api_get_document_outline;office_word_mcp_server_api_merge_doucments;office_word_mcp_server_api_copy_document;office_word_mcp_server_api_get_document_text;office_word_mcp_server_api_list_files;office_word_mcp_server_api_get_document_info,project_management_tools_get_sprint;project_management_tools_list_sprints;project_management_tools_list_work_items,,project_management_tools_list_work_items;project_management_tools_list_sprints;project_management_tools_get_sprint;office_word_mcp_server_api_add_table;office_word_mcp_server_api_create_word_document;office_word_mcp_server_api_add_heading;office_word_mcp_server_api_add_paragraph;office_word_mcp_server_api_convert_to_pdf;office_word_mcp_server_api_add_picture;office_word_mcp_server_api_add_page_break;office_word_mcp_server_api_get_document_xml;office_word_mcp_server_api_get_document_outline;office_word_mcp_server_api_merge_doucments;office_word_mcp_server_api_copy_document;office_word_mcp_server_api_get_document_text;office_word_mcp_server_api_list_files;office_word_mcp_server_api_get_document_info,office_word_mcp_server_api_create_word_document,,office_word_mcp_server_api_add_paragraph,,1.0,1.0,office_word_mcp_server_api_add_table;office_word_mcp_server_api_create_word_document;office_word_mcp_server_api_add_heading;office_word_mcp_server_api_add_paragraph;office_word_mcp_server_api_convert_to_pdf;office_word_mcp_server_api_add_picture;office_word_mcp_server_api_add_page_break;office_word_mcp_server_api_get_document_xml;office_word_mcp_server_api_get_document_outline;office_word_mcp_server_api_merge_doucments;office_word_mcp_server_api_copy_document;office_word_mcp_server_api_get_document_text;office_word_mcp_server_api_list_files;office_word_mcp_server_api_get_document_info,,,office_word_mcp_server_api_add_table;office_word_mcp_server_api_create_word_document;office_word_mcp_server_api_add_heading;office_word_mcp_server_api_add_paragraph;office_word_mcp_server_api_convert_to_pdf;office_word_mcp_server_api_add_picture;office_word_mcp_server_api_add_page_break;office_word_mcp_server_api_get_document_xml;office_word_mcp_server_api_get_document_outline;office_word_mcp_server_api_merge_doucments;office_word_mcp_server_api_copy_document;office_word_mcp_server_api_get_document_text;office_word_mcp_server_api_list_files;office_word_mcp_server_api_get_document_info,office_word_mcp_server_api_create_word_document,,office_word_mcp_server_api_add_paragraph,,1.0,1.0
conversation_003,1,Find the authentication repository,github_mcp_server_create_repository;github_mcp_server_get_me,,,github_mcp_server_create_repository;github_mcp_server_get_me,,github_mcp_server_search_repositories,,,0.0,1.0,github_mcp_server_create_repository;github_mcp_server_get_me,,,github_mcp_server_create_repository;github_mcp_server_get_me,,github_mcp_server_search_repositories,,,0.0,1.0
conversation_003,2,Update a file in it,quest_studio_file_storage_update_file,github_mcp_server_create_repository;github_mcp_server_get_me,,github_mcp_server_create_repository;github_mcp_server_get_me;quest_studio_file_storage_update_file,,github_mcp_server_create_or_update_file,,github_mcp_server_get_file_contents,0.0,0.0,quest_studio_file_storage_update_file,,,quest_studio_file_storage_update_file,,github_mcp_server_create_or_update_file,,github_mcp_server_get_file_contents,0.0,0.0
conversation_004,1,Show my leave applications,carrot_mcp_server_api_list_leave_application;carrot_mcp_server_api_create_leave_application;carrot_mcp_server_api_submit_leave_application;carrot_mcp_server_api_update_leave_application,,,carrot_mcp_server_api_list_leave_application;carrot_mcp_server_api_create_leave_application;carrot_mcp_server_api_submit_leave_application;carrot_mcp_server_api_update_leave_application,carrot_mcp_server_api_list_leave_application,,,,1.0,1.0,carrot_mcp_server_api_list_leave_application;carrot_mcp_server_api_create_leave_application;carrot_mcp_server_api_submit_leave_application;carrot_mcp_server_api_update_leave_application,,,carrot_mcp_server_api_list_leave_application;carrot_mcp_server_api_create_leave_application;carrot_mcp_server_api_submit_leave_application;carrot_mcp_server_api_update_leave_application,carrot_mcp_server_api_list_leave_application,,,,1.0,1.0
conversation_004,2,Submit the new leave request,carrot_mcp_server_api_submit_leave_application;carrot_mcp_server_api_create_leave_application;carrot_mcp_server_api_update_leave_application;carrot_mcp_server_api_list_leave_application,,,carrot_mcp_server_api_list_leave_application;carrot_mcp_server_api_create_leave_application;carrot_mcp_server_api_submit_leave_application;carrot_mcp_server_api_update_leave_application,carrot_mcp_server_api_submit_leave_application,,carrot_mcp_server_api_create_leave_application,,1.0,1.0,carrot_mcp_server_api_submit_leave_application;carrot_mcp_server_api_create_leave_application;carrot_mcp_server_api_update_leave_application;carrot_mcp_server_api_list_leave_application,,,carrot_mcp_server_api_submit_leave_application;carrot_mcp_server_api_create_leave_application;carrot_mcp_server_api_update_leave_application;carrot_mcp_server_api_list_leave_application,carrot_mcp_server_api_submit_leave_application,,carrot_mcp_server_api_create_leave_application,,1.0,1.0
conversation_005,1,List my Railway projects,railway_tools_project_list;railway_tools_project_info;railway_tools_service_list;railway_tools_project_delete,,,railway_tools_project_list;railway_tools_project_info;railway_tools_service_list;railway_tools_project_delete,railway_tools_project_list,,,,1.0,1.0,railway_tools_project_list;railway_tools_project_info;railway_tools_service_list;railway_tools_project_delete,,,railway_tools_project_list;railway_tools_project_info;railway_tools_service_list;railway_tools_project_delete,railway_tools_project_list,,,,1.0,1.0
conversation_005,2,Show me the service details,railway_tools_service_info,railway_tools_project_delete;railway_tools_project_info;railway_tools_project_list;railway_tools_service_list,,railway_tools_project_list;railway_tools_project_info;railway_tools_service_list;railway_tools_project_delete;railway_tools_service_info,railway_tools_service_info,,railway_tools_service_list,,1.0,1.0,railway_tools_service_info,,,railway_tools_service_info,railway_tools_service_info,,,railway_tools_service_list,1.0,0.0
conversation_006,1,Find the sprint report in my files,project_management_tools_get_sprint;project_management_tools_list_sprints;project_management_tools_export_sprint_to_sharepoint;project_management_tools_create_sprint,,,project_management_tools_get_sprint;project_management_tools_list_sprints;project_management_tools_export_sprint_to_sharepoint;project_management_tools_create_sprint,,quest_studio_file_storage_get_files,,,0.0,1.0,project_management_tools_get_sprint;project_management_tools_list_sprints;project_management_tools_export_sprint_to_sharepoint;project_management_tools_create_sprint,,,project_management_tools_get_sprint;project_management_tools_list_sprints;project_management_tools_export_sprint_to_sharepoint;project_management_tools_create_sprint,,quest_studio_file_storage_get_files,,,0.0,1.0
conversation_006,2,Read that file,quest_studio_file_storage_get_file_content,project_management_tools_create_sprint;project_management_tools_export_sprint_to_sharepoint;project_management_tools_get_sprint;project_management_tools_list_sprints,,project_management_tools_get_sprint;project_management_tools_list_sprints;project_management_tools_export_sprint_to_sharepoint;project_management_tools_create_sprint;quest_studio_file_storage_get_file_content,quest_studio_file_storage_get_file_content,,,quest_studio_file_storage_get_file,1.0,0.0,quest_studio_file_storage_get_file_content,,,quest_studio_file_storage_get_file_content,quest_studio_file_storage_get_file_content,,,quest_studio_file_storage_get_file,1.0,0.0
conversation_007,1,List the open work items,project_management_tools_list_work_items,,,project_management_tools_list_work_items,project_management_tools_list_work_items,,,,1.0,1.0,project_management_tools_list_work_items,,,project_management_tools_list_work_items,project_management_tools_list_work_items,,,,1.0,1.0
conversation_007,2,Mark that item as done,project_management_tools_update_task_status;project_management_tools_delete_work_item;project_management_tools_assign_work_item;project_management_tools_list_work_items;project_management_tools_update_work_item,,,project_management_tools_list_work_items;project_management_tools_update_task_status;project_management_tools_delete_work_item;project_management_tools_assign_work_item;project_management_tools_update_work_item,project_management_tools_update_task_status,,,project_management_tools_get_work_item,1.0,0.0,project_management_tools_update_task_status;project_management_tools_delete_work_item;project_management_tools_assign_work_item;project_management_tools_list_work_items;project_management_tools_update_work_item,,,project_management_tools_update_task_status;project_management_tools_delete_work_item;project_management_tools_assign_work_item;project_management_tools_list_work_items;project_management_tools_update_work_item,project_management_tools_update_task_status,,,project_management_tools_get_work_item,1.0,0.0
conversation_008,1,List my SharePoint sites,sharepoint_tools_get_sharepoint_sites,,,sharepoint_tools_get_sharepoint_sites,sharepoint_tools_get_sharepoint_sites,,,,1.0,1.0,sharepoint_tools_get_sharepoint_sites,,,sharepoint_tools_get_sharepoint_sites,sharepoint_tools_get_sharepoint_sites,,,,1.0,1.0
conversation_008,2,Get the documents from that site,sharepoint_tools_get_sharepoint_documents,sharepoint_tools_get_sharepoint_sites,,sharepoint_tools_get_sharepoint_sites;sharepoint_tools_get_sharepoint_documents,sharepoint_tools_get_sharepoint_documents,,,,1.0,1.0,sharepoint_tools_get_sharepoint_documents,,,sharepoint_tools_get_sharepoint_documents,sharepoint_tools_get_sharepoint_documents,,,,1.0,1.0
conversation_009,1,Create a new Word document,office_word_mcp_server_api_create_word_document;office_word_mcp_server_api_add_paragraph;office_word_mcp_server_api_add_table;office_word_mcp_server_api_add_heading;office_word_mcp_server_api_add_picture;office_word_mcp_server_api_add_page_break,,,office_word_mcp_server_api_create_word_document;office_word_mcp_server_api_add_paragraph;office_word_mcp_server_api_add_table;office_word_mcp_server_api_add_heading;office_word_mcp_server_api_add_picture;office_word_mcp_server_api_add_page_break,office_word_mcp_server_api_create_word_document,,,,1.0,1.0,office_word_mcp_server_api_create_word_document;office_word_mcp_server_api_add_paragraph;office_word_mcp_server_api_add_table;office_word_mcp_server_api_add_heading;office_word_mcp_server_api_add_picture;office_word_mcp_server_api_add_page_break,,,office_word_mcp_server_api_create_word_document;office_word_mcp_server_api_add_paragraph;office_word_mcp_server_api_add_table;office_word_mcp_server_api_add_heading;office_word_mcp_server_api_add_picture;office_word_mcp_server_api_add_page_break,office_word_mcp_server_api_create_word_document,,,,1.0,1.0
conversation_009,2,Add the executive summary paragraph,office_word_mcp_server_api_add_paragraph,office_word_mcp_server_api_add_heading;office_word_mcp_server_api_add_page_break;office_word_mcp_server_api_add_picture;office_word_mcp_server_api_add_table;office_word_mcp_server_api_create_word_document,,office_word_mcp_server_api_create_word_document;office_word_mcp_server_api_add_paragraph;office_word_mcp_server_api_add_table;office_word_mcp_server_api_add_heading;office_word_mcp_server_api_add_picture;office_word_mcp_server_api_add_page_break,office_word_mcp_server_api_add_paragraph,,office_word_mcp_server_api_add_heading,,1.0,1.0,office_word_mcp_server_api_add_paragraph,,,office_word_mcp_server_api_add_paragraph,office_word_mcp_server_api_add_paragraph,,,office_word_mcp_server_api_add_heading,1.0,0.0
conversation_010,1,Get the platform team,project_management_tools_get_team;project_management_tools_list_teams;project_management_tools_delete_team;project_management_tools_create_team;project_management_tools_list_team_members,,,project_management_tools_get_team;project_management_tools_list_teams;project_management_tools_delete_team;project_management_tools_create_team;project_management_tools_list_team_members,project_management_tools_get_team,,project_management_tools_list_teams,,1.0,1.0,project_management_tools_get_team;project_management_tools_list_teams;project_management_tools_delete_team;project_management_tools_create_team;project_management_tools_list_team_members,,,project_management_tools_get_team;project_management_tools_list_teams;project_management_tools_delete_team;project_management_tools_create_team;project_management_tools_list_team_members,project_management_tools_get_team,,project_management_tools_list_teams,,1.0,1.0
conversation_010,2,List the members of that team,project_management_tools_list_team_members,project_management_tools_create_team;project_management_tools_delete_team;project_management_tools_get_team;project_management_tools_list_teams,,project_management_tools_get_team;project_management_tools_list_teams;project_management_tools_delete_team;project_management_tools_create_team;project_management_tools_list_team_members,project_management_tools_list_team_members,,,,1.0,1.0,project_management_tools_list_team_members,,,project_management_tools_list_team_members,project_management_tools_list_team_members,,,,1.0,1.0
