task_id,category,turn,query,miss_type,missed_tool,underlying_dense_rank,nearest_intent,detected_intents,max_gap_cutoffs,selected_before_memory,cause
single_010,single_capability,1,List services in my Railway project,required,railway_tools_service_list,2,List services in my Railway project,List services in my Railway project,"{""1"": 1}",False,cutoff
family_003,capability_family,1,Create a GitHub pull request,supporting,github_mcp_server_get_file_contents,15,Create a GitHub pull request,Create a GitHub pull request,"{""1"": 2}",False,cutoff
family_003,capability_family,1,Create a GitHub pull request,supporting,github_mcp_server_list_branches,11,Create a GitHub pull request,Create a GitHub pull request,"{""1"": 2}",False,cutoff
family_005,capability_family,1,Update a project work item,supporting,project_management_tools_get_work_item,8,Update a project work item,Update a project work item,"{""1"": 1}",False,cutoff
family_005,capability_family,1,Update a project work item,supporting,project_management_tools_list_work_items,10,Update a project work item,Update a project work item,"{""1"": 1}",False,cutoff
family_006,capability_family,1,Restart a Railway service,supporting,railway_tools_service_info,7,Restart a Railway service,Restart a Railway service,"{""1"": 1}",False,cutoff
family_006,capability_family,1,Restart a Railway service,supporting,railway_tools_service_list,5,Restart a Railway service,Restart a Railway service,"{""1"": 1}",False,cutoff
family_007,capability_family,1,Create a text file in SharePoint,supporting,sharepoint_tools_get_sharepoint_documents,7,Create a text file in SharePoint,Create a text file in SharePoint,"{""1"": 1}",False,cutoff
family_007,capability_family,1,Create a text file in SharePoint,supporting,sharepoint_tools_get_sharepoint_sites,20,Create a text file in SharePoint,Create a text file in SharePoint,"{""1"": 1}",False,retrieval_ranking
family_009,capability_family,1,Convert a Word document to PDF,supporting,office_word_mcp_server_api_get_document_info,11,Convert a Word document to PDF,Convert a Word document to PDF,"{""1"": 1}",False,cutoff
family_009,capability_family,1,Convert a Word document to PDF,supporting,office_word_mcp_server_api_get_document_text,2,Convert a Word document to PDF,Convert a Word document to PDF,"{""1"": 1}",False,cutoff
family_010,capability_family,1,Create a GitHub branch,supporting,github_mcp_server_get_file_contents,13,Create a GitHub branch,Create a GitHub branch,"{""1"": 1}",False,cutoff
family_010,capability_family,1,Create a GitHub branch,supporting,github_mcp_server_list_branches,4,Create a GitHub branch,Create a GitHub branch,"{""1"": 1}",False,cutoff
compound_004,compound,1,Check my leave balance and email my manager,required,outlook_mail_management_send_email,6,email my manager,Check my leave balance || email my manager,"{""1"": 5, ""2"": 5}",False,cutoff
compound_004,compound,1,Check my leave balance and email my manager,supporting,outlook_mail_management_find_email_address,9,email my manager,Check my leave balance || email my manager,"{""1"": 5, ""2"": 5}",False,cutoff
compound_007,compound,1,Search Outlook mail and reply to the latest message,supporting,outlook_mail_management_get_email_messages,2,Search Outlook mail,Search Outlook mail || reply to the latest message,"{""1"": 1, ""2"": 2}",False,cutoff
compound_009,compound,1,Create a Word document and convert it to PDF,supporting,office_word_mcp_server_api_add_paragraph,2,Create a Word document,Create a Word document || convert it to PDF,"{""1"": 1, ""2"": 1}",False,cutoff
compound_010,compound,1,Get a database schema and select its table data,supporting,supabase_mcp_check_database_health,3,Get a database schema,Get a database schema || select its table data,"{""1"": 1, ""2"": 1}",False,cutoff
dependency_001,hidden_dependency,1,Email Tom the sprint report,required,outlook_mail_management_send_email,87,Email Tom the sprint report,Email Tom the sprint report,"{""1"": 3}",False,retrieval_ranking
dependency_001,hidden_dependency,1,Email Tom the sprint report,supporting,outlook_mail_management_find_email_address,59,Email Tom the sprint report,Email Tom the sprint report,"{""1"": 3}",False,retrieval_ranking
dependency_003,hidden_dependency,1,Open a pull request for the completed feature,supporting,github_mcp_server_get_file_contents,16,Open a pull request for the completed feature,Open a pull request for the completed feature,"{""1"": 2}",False,cutoff
dependency_003,hidden_dependency,1,Open a pull request for the completed feature,supporting,github_mcp_server_list_branches,12,Open a pull request for the completed feature,Open a pull request for the completed feature,"{""1"": 2}",False,cutoff
dependency_005,hidden_dependency,1,Update the login bug work item,supporting,project_management_tools_get_work_item,8,Update the login bug work item,Update the login bug work item,"{""1"": 4}",False,cutoff
dependency_005,hidden_dependency,1,Update the login bug work item,supporting,project_management_tools_list_work_items,10,Update the login bug work item,Update the login bug work item,"{""1"": 4}",False,cutoff
dependency_006,hidden_dependency,1,Deploy the application from its repository,supporting,railway_tools_project_list,56,Deploy the application from its repository,Deploy the application from its repository,"{""1"": 1}",False,retrieval_ranking
dependency_006,hidden_dependency,1,Deploy the application from its repository,supporting,railway_tools_service_list,27,Deploy the application from its repository,Deploy the application from its repository,"{""1"": 1}",False,retrieval_ranking
dependency_007,hidden_dependency,1,Add the findings table to the new document,supporting,office_word_mcp_server_api_create_word_document,9,Add the findings table to the new document,Add the findings table to the new document,"{""1"": 1}",False,cutoff
dependency_007,hidden_dependency,1,Add the findings table to the new document,supporting,office_word_mcp_server_api_add_paragraph,3,Add the findings table to the new document,Add the findings table to the new document,"{""1"": 1}",False,cutoff
dependency_008,hidden_dependency,1,Create the note in our SharePoint library,supporting,sharepoint_tools_get_sharepoint_documents,16,Create the note in our SharePoint library,Create the note in our SharePoint library,"{""1"": 1}",False,cutoff
dependency_008,hidden_dependency,1,Create the note in our SharePoint library,supporting,sharepoint_tools_get_sharepoint_sites,28,Create the note in our SharePoint library,Create the note in our SharePoint library,"{""1"": 1}",False,retrieval_ranking
dependency_010,hidden_dependency,1,Push the prepared changes to the repository,supporting,github_mcp_server_get_file_contents,22,Push the prepared changes to the repository,Push the prepared changes to the repository,"{""1"": 1}",False,retrieval_ranking
dependency_010,hidden_dependency,1,Push the prepared changes to the repository,supporting,github_mcp_server_list_branches,19,Push the prepared changes to the repository,Push the prepared changes to the repository,"{""1"": 1}",False,retrieval_ranking
conversation_003,multi_turn,1,Find the authentication repository,required,github_mcp_server_search_repositories,3,Find the authentication repository,Find the authentication repository,"{""1"": 2}",False,cutoff
conversation_003,multi_turn,2,Update a file in it,required,github_mcp_server_create_or_update_file,2,Update a file in it,Update a file in it,"{""1"": 1}",False,cutoff
conversation_003,multi_turn,2,Update a file in it,supporting,github_mcp_server_get_file_contents,28,Update a file in it,Update a file in it,"{""1"": 1}",False,retrieval_ranking
conversation_006,multi_turn,1,Find the sprint report in my files,required,quest_studio_file_storage_get_files,20,Find the sprint report in my files,Find the sprint report in my files,"{""1"": 4}",False,retrieval_ranking
conversation_006,multi_turn,2,Read that file,supporting,quest_studio_file_storage_get_file,3,Read that file,Read that file,"{""1"": 1}",False,cutoff
conversation_007,multi_turn,2,Mark that item as done,supporting,project_management_tools_get_work_item,7,Mark that item as done,Mark that item as done,"{""1"": 5}",False,cutoff
