category,method,task_count,turn_count,required_recall,complete_required_rate,supporting_recall,mean_exposed_tools_per_turn,context_reduction_per_turn,mean_schema_tokens_per_turn,schema_token_reduction,latency_mean_ms,latency_p95_ms
capability_family,all,10,10,1.0,1,1.0,122,0.0,25216,0.0,0.011036666971146284,0.020399998902576044
capability_family,bm25_16,10,10,0.9,0.9,0.8166666666666667,16,0.8688524590163934,3315.7,0.8685080901015229,0.24247833328748433,0.5281999983708374
capability_family,bm25_4,10,10,0.9,0.9,0.25,4,0.9672131147540983,831,0.9670447335025381,0.21862166686332785,0.3937999972549733
capability_family,bm25_8,10,10,0.9,0.9,0.45,8,0.9344262295081968,1634.2,0.9351919416243655,0.23495500014784435,0.5128000011609402
capability_family,dense_16,10,10,1.0,1,0.95,16,0.8688524590163934,3308.9,0.8687777601522843,679.6641099999155,1031.4065999991726
capability_family,dense_4,10,10,1.0,1,0.45,4,0.9672131147540983,882.2,0.9650142766497461,727.2896516668576,1198.792200000753
capability_family,dense_8,10,10,1.0,1,0.65,8,0.9344262295081968,1662.1,0.9340855012690356,675.0894916663432,1032.5114999977814
capability_family,octopus,10,10,1.0,1,0.4,3.3,0.9729508196721312,696.2,0.9723905456852792,785.7416966664459,1219.4689999996626
compound,all,10,10,1.0,1,1.0,122,0.0,25216,0.0,0.011036666971146284,0.020399998902576044
compound,bm25_16,10,10,0.9,0.8,0.6,16,0.8688524590163934,3412.6,0.8646652918781726,0.24247833328748433,0.5281999983708374
compound,bm25_4,10,10,0.7,0.5,0.3,4,0.9672131147540983,910,0.9639118020304569,0.21862166686332785,0.3937999972549733
compound,bm25_8,10,10,0.85,0.7,0.5,8,0.9344262295081968,1735.2,0.9311865482233502,0.23495500014784435,0.5128000011609402
compound,dense_16,10,10,0.85,0.7,0.8,16,0.8688524590163934,3298,0.8692100253807107,679.6641099999155,1031.4065999991726
compound,dense_4,10,10,0.55,0.4,0.6,4,0.9672131147540983,866.7,0.9656289657360406,727.2896516668576,1198.792200000753
compound,dense_8,10,10,0.8,0.6,0.6,8,0.9344262295081968,1734.1,0.9312301713197969,675.0894916663432,1032.5114999977814
compound,octopus,10,10,0.95,0.9,0.6,10.4,0.9147540983606557,2264,0.9102157360406091,785.7416966664459,1219.4689999996626
hidden_dependency,all,10,10,1.0,1,1.0,122,0.0,25216,0.0,0.011036666971146284,0.020399998902576044
hidden_dependency,bm25_16,10,10,0.9,0.9,0.55,16,0.8688524590163934,3603.3,0.8571026332487309,0.24247833328748433,0.5281999983708374
hidden_dependency,bm25_4,10,10,0.7,0.7,0.35,4,0.9672131147540983,880.4,0.9650856598984772,0.21862166686332785,0.3937999972549733
hidden_dependency,bm25_8,10,10,0.9,0.9,0.4,8,0.9344262295081968,1853,0.9265149111675127,0.23495500014784435,0.5128000011609402
hidden_dependency,dense_16,10,10,0.9,0.9,0.65,16,0.8688524590163934,3430,0.8639752538071066,679.6641099999155,1031.4065999991726
hidden_dependency,dense_4,10,10,0.9,0.9,0.26666666666666666,4,0.9672131147540983,958.3,0.9619963515228427,727.2896516668576,1198.792200000753
hidden_dependency,dense_8,10,10,0.9,0.9,0.4,8,0.9344262295081968,1739.9,0.9310001586294416,675.0894916663432,1032.5114999977814
hidden_dependency,octopus,10,10,0.9,0.9,0.3,2.9,0.9762295081967213,661.7,0.9737587246192894,785.7416966664459,1219.4689999996626
multi_turn,all,10,20,1.0,1,1.0,122,0.0,25216,0.0,0.011036666971146284,0.020399998902576044
multi_turn,bm25_16,10,20,0.95,0.95,0.85,16,0.8688524590163934,3482.5,0.8618932423857868,0.24247833328748433,0.5281999983708374
multi_turn,bm25_4,10,20,0.75,0.75,0.65,4,0.9672131147540983,909.9,0.9639157677664975,0.21862166686332785,0.3937999972549733
multi_turn,bm25_8,10,20,0.9,0.9,0.7,8,0.9344262295081968,1726.35,0.9315375158629442,0.23495500014784435,0.5128000011609402
multi_turn,dense_16,10,20,0.95,0.95,0.95,16,0.8688524590163934,3285.15,0.8697196224619289,679.6641099999155,1031.4065999991726
multi_turn,dense_4,10,20,0.95,0.95,0.85,4,0.9672131147540983,870.6,0.9654743020304568,727.2896516668576,1198.792200000753
multi_turn,dense_8,10,20,0.95,0.95,0.9,8,0.9344262295081968,1684.1,0.9332130393401015,675.0894916663432,1032.5114999977814
multi_turn,octopus,10,20,0.85,0.85,0.85,4.85,0.9602459016393442,982.6,0.9610326776649746,785.7416966664459,1219.4689999996626
single_capability,all,10,10,1.0,1,1.0,122,0.0,25216,0.0,0.011036666971146284,0.020399998902576044
single_capability,bm25_16,10,10,1.0,1,1.0,16,0.8688524590163934,3464.2,0.8626189720812183,0.24247833328748433,0.5281999983708374
single_capability,bm25_4,10,10,1.0,1,1.0,4,0.9672131147540983,879.3,0.9651292829949238,0.21862166686332785,0.3937999972549733
single_capability,bm25_8,10,10,1.0,1,1.0,8,0.9344262295081968,1686.1,0.9331337246192893,0.23495500014784435,0.5128000011609402
single_capability,dense_16,10,10,1.0,1,1.0,16,0.8688524590163934,3384.7,0.8657717322335026,679.6641099999155,1031.4065999991726
single_capability,dense_4,10,10,1.0,1,1.0,4,0.9672131147540983,890.2,0.9646970177664974,727.2896516668576,1198.792200000753
single_capability,dense_8,10,10,1.0,1,1.0,8,0.9344262295081968,1701.2,0.9325348984771573,675.0894916663432,1032.5114999977814
single_capability,octopus,10,10,0.9,0.9,1.0,1.6,0.9868852459016393,341.8,0.9864451142131979,785.7416966664459,1219.4689999996626
