split,task_id,category,turn,query,intent,max_gap_k,hybrid_k,added_tool_count,added_tools,required_added,supporting_added,unlabeled_added,recovered_required_from_fixed4,recovered_supporting_from_fixed4,additional_schema_tokens_vs_fixed4
development,family_002,capability_family,1,Send an email to Tom,Send an email to Tom,11,11,7,gmail_tools_reply_google_email;gmail_tools_forward_google_email;gmail_tools_get_google_emails;gmail_tools_delete_google_email;outlook_mail_management_forward_email;outlook_mail_management_find_email_address;outlook_mail_management_search_outlook_mail,,outlook_mail_management_find_email_address,gmail_tools_reply_google_email;gmail_tools_forward_google_email;gmail_tools_get_google_emails;gmail_tools_delete_google_email;outlook_mail_management_forward_email;outlook_mail_management_search_outlook_mail,,outlook_mail_management_find_email_address,1144
held_out,family_008,capability_family,1,Query a Supabase table,Query a Supabase table,7,7,3,supabase_mcp_insert_table_data;supabase_mcp_update_database_table_data;supabase_mcp_check_database_health,,,supabase_mcp_insert_table_data;supabase_mcp_update_database_table_data;supabase_mcp_check_database_health,,,578
development,compound_001,compound,1,Find the latest Nvidia news and email a summary to Tom,email a summary to Tom,11,11,7,outlook_mail_management_send_email;gmail_tools_get_google_emails;gmail_tools_forward_google_email;outlook_mail_management_find_email_address;gmail_tools_delete_google_email;outlook_mail_management_forward_email;outlook_mail_management_search_outlook_mail,outlook_mail_management_send_email,outlook_mail_management_find_email_address,gmail_tools_get_google_emails;gmail_tools_forward_google_email;gmail_tools_delete_google_email;outlook_mail_management_forward_email;outlook_mail_management_search_outlook_mail,outlook_mail_management_send_email,outlook_mail_management_find_email_address,1227
development,compound_002,compound,1,Get the current sprint work items and create a Word report,Get the current sprint work items,12,12,8,project_management_tools_export_sprint_to_sharepoint;project_management_tools_create_work_item;project_management_tools_update_work_item;project_management_tools_get_user_capacity;project_management_tools_create_sprint;project_management_tools_get_work_item_comments;project_management_tools_delete_sprint;project_management_tools_delete_work_item,,,project_management_tools_export_sprint_to_sharepoint;project_management_tools_create_work_item;project_management_tools_update_work_item;project_management_tools_get_user_capacity;project_management_tools_create_sprint;project_management_tools_get_work_item_comments;project_management_tools_delete_sprint;project_management_tools_delete_work_item,,,2248
development,compound_003,compound,1,Find a GitHub repository and update a file in it,Find a GitHub repository,16,16,12,github_mcp_server_get_file_contents;github_mcp_server_get_me;github_mcp_server_create_or_update_file;github_mcp_server_list_pull_requests;github_mcp_server_list_branches;github_mcp_server_list_commits;github_mcp_server_merge_pull_request;github_mcp_server_create_pull_request;github_mcp_server_create_branch;github_mcp_server_update_pull_request;railway_tools_service_create_from_repo;github_mcp_server_delete_file,github_mcp_server_create_or_update_file,github_mcp_server_get_file_contents,github_mcp_server_get_me;github_mcp_server_list_pull_requests;github_mcp_server_list_branches;github_mcp_server_list_commits;github_mcp_server_merge_pull_request;github_mcp_server_create_pull_request;github_mcp_server_create_branch;github_mcp_server_update_pull_request;railway_tools_service_create_from_repo;github_mcp_server_delete_file,,github_mcp_server_get_file_contents,2136
development,compound_004,compound,1,Check my leave balance and email my manager,Check my leave balance,5,5,1,carrot_mcp_server_api_submit_leave_application,,,carrot_mcp_server_api_submit_leave_application,,,423
development,compound_004,compound,1,Check my leave balance and email my manager,email my manager,5,5,1,gmail_tools_reply_google_email,,,gmail_tools_reply_google_email,,,423
development,compound_005,compound,1,List my files and send a file summary by email,List my files,7,7,3,quest_studio_file_storage_get_file;quest_studio_file_storage_delete_file;project_management_tools_list_work_items,,,quest_studio_file_storage_get_file;quest_studio_file_storage_delete_file;project_management_tools_list_work_items,,,2714
development,compound_005,compound,1,List my files and send a file summary by email,send a file summary by email,16,16,12,gmail_tools_reply_google_email;office_word_mcp_server_api_get_document_outline;outlook_mail_management_send_email;outlook_mail_management_reply_to_email;office_word_mcp_server_api_add_picture;office_word_mcp_server_api_get_document_info;project_management_tools_export_sprint_to_sharepoint;office_word_mcp_server_api_copy_document;office_word_mcp_server_api_get_document_xml;office_word_mcp_server_api_get_document_text;gmail_tools_forward_google_email;office_word_mcp_server_api_merge_doucments,outlook_mail_management_send_email,,gmail_tools_reply_google_email;office_word_mcp_server_api_get_document_outline;outlook_mail_management_reply_to_email;office_word_mcp_server_api_add_picture;office_word_mcp_server_api_get_document_info;project_management_tools_export_sprint_to_sharepoint;office_word_mcp_server_api_copy_document;office_word_mcp_server_api_get_document_xml;office_word_mcp_server_api_get_document_text;gmail_tools_forward_google_email;office_word_mcp_server_api_merge_doucments,outlook_mail_management_send_email,,2714
development,compound_006,compound,1,List Railway projects and check a service status,List Railway projects,7,7,3,railway_tools_project_environments;railway_tools_project_create;railway_tools_service_info,railway_tools_service_info,,railway_tools_project_environments;railway_tools_project_create,,,344
development,dependency_002,hidden_dependency,1,Create a polished Word report about the project,Create a polished Word report about the project,5,5,1,office_word_mcp_server_api_add_table,,office_word_mcp_server_api_add_table,,,office_word_mcp_server_api_add_table,153
held_out,dependency_009,hidden_dependency,1,Run the customer query against Supabase,Run the customer query against Supabase,7,7,3,supabase_mcp_update_database_table_data;supabase_mcp_get_table_schema;supabase_mcp_get_database_tables,,supabase_mcp_get_table_schema,supabase_mcp_update_database_table_data;supabase_mcp_get_database_tables,,supabase_mcp_get_table_schema,549
development,conversation_001,multi_turn,2,Email it to Tom,Email it to Tom,11,11,7,gmail_tools_reply_google_email;gmail_tools_forward_google_email;gmail_tools_get_google_emails;outlook_mail_management_forward_email;gmail_tools_delete_google_email;outlook_mail_management_search_outlook_mail;outlook_mail_management_find_email_address,,outlook_mail_management_find_email_address,gmail_tools_reply_google_email;gmail_tools_forward_google_email;gmail_tools_get_google_emails;outlook_mail_management_forward_email;gmail_tools_delete_google_email;outlook_mail_management_search_outlook_mail,,outlook_mail_management_find_email_address,1144
development,conversation_002,multi_turn,2,Create a Word report from them,Create a Word report from them,14,14,10,office_word_mcp_server_api_convert_to_pdf;office_word_mcp_server_api_add_picture;office_word_mcp_server_api_add_page_break;office_word_mcp_server_api_get_document_xml;office_word_mcp_server_api_get_document_outline;office_word_mcp_server_api_merge_doucments;office_word_mcp_server_api_copy_document;office_word_mcp_server_api_get_document_text;office_word_mcp_server_api_list_files;office_word_mcp_server_api_get_document_info,,,office_word_mcp_server_api_convert_to_pdf;office_word_mcp_server_api_add_picture;office_word_mcp_server_api_add_page_break;office_word_mcp_server_api_get_document_xml;office_word_mcp_server_api_get_document_outline;office_word_mcp_server_api_merge_doucments;office_word_mcp_server_api_copy_document;office_word_mcp_server_api_get_document_text;office_word_mcp_server_api_list_files;office_word_mcp_server_api_get_document_info,,,1566
held_out,conversation_007,multi_turn,2,Mark that item as done,Mark that item as done,5,5,1,project_management_tools_update_work_item,,,project_management_tools_update_work_item,,,404
held_out,conversation_009,multi_turn,1,Create a new Word document,Create a new Word document,6,6,2,office_word_mcp_server_api_add_picture;office_word_mcp_server_api_add_page_break,,,office_word_mcp_server_api_add_picture;office_word_mcp_server_api_add_page_break,,,301
held_out,conversation_010,multi_turn,1,Get the platform team,Get the platform team,5,5,1,project_management_tools_list_team_members,,,project_management_tools_list_team_members,,,202
