split,method,category,task_count,turn_count,required_recall,complete_required_rate,supporting_recall,mean_exposed_tools_per_turn,median_exposed_tools_per_turn,p90_exposed_tools_per_turn,p95_exposed_tools_per_turn,max_exposed_tools_per_turn,mean_schema_tokens_per_turn,schema_token_reduction
development,bounded_max_gap,capability_family,6,6,1.0,1,0.5,3.8333333333333335,3.0,4,11,11,836.5,0.9668266180203046
development,fixed_k_4,capability_family,6,6,1.0,1,0.4166666666666667,4,4.0,4,4,4,966.1666666666666,0.961684380287648
development,fixed_k_8,capability_family,6,6,1.0,1,0.6666666666666666,8,8.0,8,8,8,1753,0.9304806472081218
development,min_4_plus_max_gap,capability_family,6,6,1.0,1,0.5,5.166666666666667,4.0,4,11,11,1156.8333333333333,0.9541230435702199
held_out,bounded_max_gap,capability_family,4,4,1.0,1,0.25,2.5,1.0,7,7,7,485.75,0.9807364371827412
held_out,fixed_k_4,capability_family,4,4,1.0,1,0.5,4,4.0,4,4,4,756.25,0.9700091211928934
held_out,fixed_k_8,capability_family,4,4,1.0,1,0.625,8,8.0,8,8,8,1525.75,0.939492782360406
held_out,min_4_plus_max_gap,capability_family,4,4,1.0,1,0.5,4.75,4.0,7,7,7,900.75,0.9642786326142132
development,bounded_max_gap,compound,6,6,0.9166666666666666,0.8333333333333334,0.8333333333333334,14.833333333333334,14.5,17,23,23,3201.8333333333335,0.873023741539763
development,fixed_k_4,compound,6,6,0.75,0.5,0.5,8,8.0,8,8,8,1854.1666666666667,0.9264686442470389
development,fixed_k_8,compound,6,6,1.0,1,0.8333333333333334,15.5,16.0,16,16,16,3371.8333333333335,0.8662819902707276
development,min_4_plus_max_gap,compound,6,6,0.9166666666666666,0.8333333333333334,0.8333333333333334,15.5,15.5,19,23,23,3369.5,0.8663745241116751
held_out,bounded_max_gap,compound,4,4,1.0,1,0.25,3.75,2.5,8,8,8,857.25,0.9660037277918782
held_out,fixed_k_4,compound,4,4,1.0,1,1.0,6.5,6.0,8,8,8,1389.25,0.9449060120558376
held_out,fixed_k_8,compound,4,4,1.0,1,1.0,12.25,12.0,15,15,15,2545.25,0.8990621034263959
held_out,min_4_plus_max_gap,compound,4,4,1.0,1,1.0,6.5,6.0,8,8,8,1389.25,0.9449060120558376
development,bounded_max_gap,hidden_dependency,6,6,0.8333333333333334,0.8333333333333334,0.3333333333333333,3.1666666666666665,3.5,4,5,5,768.6666666666666,0.9695167089678511
development,fixed_k_4,hidden_dependency,6,6,0.8333333333333334,0.8333333333333334,0.2777777777777778,4,4.0,4,4,4,988.6666666666666,0.960792089678511
development,fixed_k_8,hidden_dependency,6,6,0.8333333333333334,0.8333333333333334,0.4166666666666667,8,8.0,8,8,8,1805.3333333333333,0.9284052453468697
development,min_4_plus_max_gap,hidden_dependency,6,6,0.8333333333333334,0.8333333333333334,0.3333333333333333,4.166666666666667,4.0,4,5,5,1014.1666666666666,0.9597808269881557
held_out,bounded_max_gap,hidden_dependency,4,4,1.0,1,0.25,2.5,1.0,7,7,7,501.25,0.9801217480964467
held_out,fixed_k_4,hidden_dependency,4,4,1.0,1,0.25,4,4.0,4,4,4,912.75,0.9638027442893401
held_out,fixed_k_8,hidden_dependency,4,4,1.0,1,0.375,8,8.0,8,8,8,1641.75,0.9348925285532995
held_out,min_4_plus_max_gap,hidden_dependency,4,4,1.0,1,0.375,4.75,4.0,7,7,7,1050,0.9583597715736041
development,bounded_max_gap,multi_turn,6,12,0.75,0.75,0.8333333333333334,5.5,4.0,13,13,17,1126.8333333333333,0.9553127643824026
development,fixed_k_4,multi_turn,6,12,0.9166666666666666,0.9166666666666666,0.8333333333333334,5.583333333333333,4.0,8,8,8,1299.3333333333333,0.948471869712352
development,fixed_k_8,multi_turn,6,12,0.9166666666666666,0.9166666666666666,0.9166666666666666,11.166666666666666,9.5,16,16,16,2488.5833333333335,0.9013093538494078
development,min_4_plus_max_gap,multi_turn,6,12,0.9166666666666666,0.9166666666666666,0.9166666666666666,7,4.0,15,15,18,1525.1666666666667,0.939515915820643
held_out,bounded_max_gap,multi_turn,4,8,1.0,1,0.875,3.875,5.0,6,6,6,766.25,0.9696125475888325
held_out,fixed_k_4,multi_turn,4,8,1.0,1,1.0,4.875,4.5,6,6,6,953.125,0.9622015783629442
held_out,fixed_k_8,multi_turn,4,8,1.0,1,1.0,9.875,9.0,12,14,14,1934.375,0.923287793464467
held_out,min_4_plus_max_gap,multi_turn,4,8,1.0,1,1.0,5.625,5.5,7,8,8,1104.125,0.9562133169416244
development,bounded_max_gap,single_capability,6,6,1.0,1,1.0,2,1.0,4,4,4,473,0.9812420685279187
development,fixed_k_4,single_capability,6,6,1.0,1,1.0,4,4.0,4,4,4,949.6666666666666,0.9623387267343485
development,fixed_k_8,single_capability,6,6,1.0,1,1.0,8,8.0,8,8,8,1769.3333333333333,0.9298329103214891
development,min_4_plus_max_gap,single_capability,6,6,1.0,1,1.0,4,4.0,4,4,4,949.6666666666666,0.9623387267343485
held_out,bounded_max_gap,single_capability,4,4,0.75,0.75,1.0,1,1.0,1,1,1,145,0.9942496827411167
held_out,fixed_k_4,single_capability,4,4,1.0,1,1.0,4,4.0,4,4,4,801,0.9682344543147208
held_out,fixed_k_8,single_capability,4,4,1.0,1,1.0,8,8.0,8,8,8,1599,0.9365878807106599
held_out,min_4_plus_max_gap,single_capability,4,4,1.0,1,1.0,4,4.0,4,4,4,801,0.9682344543147208
