task_id,method,turn,query,newly_retrieved_tools,active_or_exposed_tools,retained_tools,required_hits,required_misses,supporting_hits,supporting_misses,tool_count_exposed,context_reduction_exposed
single_001,all,1,Search the web for the latest Nvidia news,carrot_mcp_server_api_create_employee;carrot_mcp_server_api_create_leave_application;carrot_mcp_server_api_get_employee;carrot_mcp_server_api_hr_dashboard_summary;carrot_mcp_server_api_list_employees;carrot_mcp_server_api_list_leave_application;carrot_mcp_server_api_log_hours_entry;carrot_mcp_server_api_submit_leave_application;carrot_mcp_server_api_update_employee;carrot_mcp_server_api_update_leave_application;carrot_mcp_server_api_work_hours_summary;github_mcp_server_create_branch;github_mcp_server_create_or_update_file;github_mcp_server_create_pull_request;github_mcp_server_create_repository;github_mcp_server_delete_file;github_mcp_server_get_commit;github_mcp_server_get_file_contents;github_mcp_server_get_me;github_mcp_server_list_branches;github_mcp_server_list_commits;github_mcp_server_list_pull_requests;github_mcp_server_merge_pull_request;github_mcp_server_pull_request_read;github_mcp_server_push_files;github_mcp_server_search_repositories;github_mcp_server_update_pull_request;gmail_tools_delete_google_email;gmail_tools_forward_google_email;gmail_tools_get_google_emails;gmail_tools_reply_google_email;gmail_tools_send_google_email;office_word_mcp_server_api_add_heading;office_word_mcp_server_api_add_page_break;office_word_mcp_server_api_add_paragraph;office_word_mcp_server_api_add_picture;office_word_mcp_server_api_add_table;office_word_mcp_server_api_convert_to_pdf;office_word_mcp_server_api_copy_document;office_word_mcp_server_api_create_word_document;office_word_mcp_server_api_delete_document;office_word_mcp_server_api_delete_paragraph;office_word_mcp_server_api_find_text_in_document;office_word_mcp_server_api_get_document_info;office_word_mcp_server_api_get_document_outline;office_word_mcp_server_api_get_document_text;office_word_mcp_server_api_get_document_xml;office_word_mcp_server_api_get_paragraph_text_from_document;office_word_mcp_server_api_list_files;office_word_mcp_server_api_merge_doucments;office_word_mcp_server_api_search_replace;outlook_mail_management_compose_email;outlook_mail_management_delete_email_message;outlook_mail_management_find_email_address;outlook_mail_management_forward_email;outlook_mail_management_get_email_messages;outlook_mail_management_reply_to_email;outlook_mail_management_search_outlook_mail;outlook_mail_management_send_email;project_management_tools_add_work_item_comment;project_management_tools_assign_work_item;project_management_tools_create_project;project_management_tools_create_sprint;project_management_tools_create_team;project_management_tools_create_work_item;project_management_tools_delete_project;project_management_tools_delete_sprint;project_management_tools_delete_team;project_management_tools_delete_work_item;project_management_tools_export_sprint_to_sharepoint;project_management_tools_get_project;project_management_tools_get_sprint;project_management_tools_get_team;project_management_tools_get_user_capacity;project_management_tools_get_work_item;project_management_tools_get_work_item_comments;project_management_tools_list_projects;project_management_tools_list_sprints;project_management_tools_list_team_members;project_management_tools_list_teams;project_management_tools_list_users;project_management_tools_list_work_items;project_management_tools_update_project;project_management_tools_update_task_status;project_management_tools_update_user_capacity;project_management_tools_update_work_item;project_management_tools_view_board;quest_studio_file_storage_delete_file;quest_studio_file_storage_get_file;quest_studio_file_storage_get_file_content;quest_studio_file_storage_get_files;quest_studio_file_storage_get_storage_usage;quest_studio_file_storage_query_files;quest_studio_file_storage_update_file;railway_tools_database_list_types;railway_tools_project_create;railway_tools_project_delete;railway_tools_project_environments;railway_tools_project_info;railway_tools_project_list;railway_tools_service_create_from_image;railway_tools_service_create_from_repo;railway_tools_service_delete;railway_tools_service_info;railway_tools_service_list;railway_tools_service_restart;railway_tools_service_update;railway_tools_volume_create;railway_tools_volume_delete;railway_tools_volume_list;railway_tools_volume_update;sharepoint_tools_create_txt_file_in_sharepoint;sharepoint_tools_get_sharepoint_documents;sharepoint_tools_get_sharepoint_sites;supabase_mcp_check_database_health;supabase_mcp_get_all_supabase_projects;supabase_mcp_get_database_tables;supabase_mcp_get_table_schema;supabase_mcp_insert_table_data;supabase_mcp_select_database_table_data;supabase_mcp_update_database_table_data;web_search_tools_web_search,carrot_mcp_server_api_create_employee;carrot_mcp_server_api_create_leave_application;carrot_mcp_server_api_get_employee;carrot_mcp_server_api_hr_dashboard_summary;carrot_mcp_server_api_list_employees;carrot_mcp_server_api_list_leave_application;carrot_mcp_server_api_log_hours_entry;carrot_mcp_server_api_submit_leave_application;carrot_mcp_server_api_update_employee;carrot_mcp_server_api_update_leave_application;carrot_mcp_server_api_work_hours_summary;github_mcp_server_create_branch;github_mcp_server_create_or_update_file;github_mcp_server_create_pull_request;github_mcp_server_create_repository;github_mcp_server_delete_file;github_mcp_server_get_commit;github_mcp_server_get_file_contents;github_mcp_server_get_me;github_mcp_server_list_branches;github_mcp_server_list_commits;github_mcp_server_list_pull_requests;github_mcp_server_merge_pull_request;github_mcp_server_pull_request_read;github_mcp_server_push_files;github_mcp_server_search_repositories;github_mcp_server_update_pull_request;gmail_tools_delete_google_email;gmail_tools_forward_google_email;gmail_tools_get_google_emails;gmail_tools_reply_google_email;gmail_tools_send_google_email;office_word_mcp_server_api_add_heading;office_word_mcp_server_api_add_page_break;office_word_mcp_server_api_add_paragraph;office_word_mcp_server_api_add_picture;office_word_mcp_server_api_add_table;office_word_mcp_server_api_convert_to_pdf;office_word_mcp_server_api_copy_document;office_word_mcp_server_api_create_word_document;office_word_mcp_server_api_delete_document;office_word_mcp_server_api_delete_paragraph;office_word_mcp_server_api_find_text_in_document;office_word_mcp_server_api_get_document_info;office_word_mcp_server_api_get_document_outline;office_word_mcp_server_api_get_document_text;office_word_mcp_server_api_get_document_xml;office_word_mcp_server_api_get_paragraph_text_from_document;office_word_mcp_server_api_list_files;office_word_mcp_server_api_merge_doucments;office_word_mcp_server_api_search_replace;outlook_mail_management_compose_email;outlook_mail_management_delete_email_message;outlook_mail_management_find_email_address;outlook_mail_management_forward_email;outlook_mail_management_get_email_messages;outlook_mail_management_reply_to_email;outlook_mail_management_search_outlook_mail;outlook_mail_management_send_email;project_management_tools_add_work_item_comment;project_management_tools_assign_work_item;project_management_tools_create_project;project_management_tools_create_sprint;project_management_tools_create_team;project_management_tools_create_work_item;project_management_tools_delete_project;project_management_tools_delete_sprint;project_management_tools_delete_team;project_management_tools_delete_work_item;project_management_tools_export_sprint_to_sharepoint;project_management_tools_get_project;project_management_tools_get_sprint;project_management_tools_get_team;project_management_tools_get_user_capacity;project_management_tools_get_work_item;project_management_tools_get_work_item_comments;project_management_tools_list_projects;project_management_tools_list_sprints;project_management_tools_list_team_members;project_management_tools_list_teams;project_management_tools_list_users;project_management_tools_list_work_items;project_management_tools_update_project;project_management_tools_update_task_status;project_management_tools_update_user_capacity;project_management_tools_update_work_item;project_management_tools_view_board;quest_studio_file_storage_delete_file;quest_studio_file_storage_get_file;quest_studio_file_storage_get_file_content;quest_studio_file_storage_get_files;quest_studio_file_storage_get_storage_usage;quest_studio_file_storage_query_files;quest_studio_file_storage_update_file;railway_tools_database_list_types;railway_tools_project_create;railway_tools_project_delete;railway_tools_project_environments;railway_tools_project_info;railway_tools_project_list;railway_tools_service_create_from_image;railway_tools_service_create_from_repo;railway_tools_service_delete;railway_tools_service_info;railway_tools_service_list;railway_tools_service_restart;railway_tools_service_update;railway_tools_volume_create;railway_tools_volume_delete;railway_tools_volume_list;railway_tools_volume_update;sharepoint_tools_create_txt_file_in_sharepoint;sharepoint_tools_get_sharepoint_documents;sharepoint_tools_get_sharepoint_sites;supabase_mcp_check_database_health;supabase_mcp_get_all_supabase_projects;supabase_mcp_get_database_tables;supabase_mcp_get_table_schema;supabase_mcp_insert_table_data;supabase_mcp_select_database_table_data;supabase_mcp_update_database_table_data;web_search_tools_web_search,,web_search_tools_web_search,,,,122,0.0
single_001,dense_top16,1,Search the web for the latest Nvidia news,github_mcp_server_get_commit;github_mcp_server_get_me;github_mcp_server_list_commits;github_mcp_server_list_pull_requests;github_mcp_server_pull_request_read;github_mcp_server_search_repositories;gmail_tools_get_google_emails;gmail_tools_reply_google_email;gmail_tools_send_google_email;office_word_mcp_server_api_find_text_in_document;office_word_mcp_server_api_search_replace;railway_tools_project_info;railway_tools_service_create_from_repo;railway_tools_service_info;railway_tools_service_update;web_search_tools_web_search,github_mcp_server_get_commit;github_mcp_server_get_me;github_mcp_server_list_commits;github_mcp_server_list_pull_requests;github_mcp_server_pull_request_read;github_mcp_server_search_repositories;gmail_tools_get_google_emails;gmail_tools_reply_google_email;gmail_tools_send_google_email;office_word_mcp_server_api_find_text_in_document;office_word_mcp_server_api_search_replace;railway_tools_project_info;railway_tools_service_create_from_repo;railway_tools_service_info;railway_tools_service_update;web_search_tools_web_search,,web_search_tools_web_search,,,,16,0.8688524590163934
single_001,octopus,1,Search the web for the latest Nvidia news,web_search_tools_web_search,web_search_tools_web_search,,web_search_tools_web_search,,,,1,0.9918032786885246
family_001,all,1,Create a Word report,carrot_mcp_server_api_create_employee;carrot_mcp_server_api_create_leave_application;carrot_mcp_server_api_get_employee;carrot_mcp_server_api_hr_dashboard_summary;carrot_mcp_server_api_list_employees;carrot_mcp_server_api_list_leave_application;carrot_mcp_server_api_log_hours_entry;carrot_mcp_server_api_submit_leave_application;carrot_mcp_server_api_update_employee;carrot_mcp_server_api_update_leave_application;carrot_mcp_server_api_work_hours_summary;github_mcp_server_create_branch;github_mcp_server_create_or_update_file;github_mcp_server_create_pull_request;github_mcp_server_create_repository;github_mcp_server_delete_file;github_mcp_server_get_commit;github_mcp_server_get_file_contents;github_mcp_server_get_me;github_mcp_server_list_branches;github_mcp_server_list_commits;github_mcp_server_list_pull_requests;github_mcp_server_merge_pull_request;github_mcp_server_pull_request_read;github_mcp_server_push_files;github_mcp_server_search_repositories;github_mcp_server_update_pull_request;gmail_tools_delete_google_email;gmail_tools_forward_google_email;gmail_tools_get_google_emails;gmail_tools_reply_google_email;gmail_tools_send_google_email;office_word_mcp_server_api_add_heading;office_word_mcp_server_api_add_page_break;office_word_mcp_server_api_add_paragraph;office_word_mcp_server_api_add_picture;office_word_mcp_server_api_add_table;office_word_mcp_server_api_convert_to_pdf;office_word_mcp_server_api_copy_document;office_word_mcp_server_api_create_word_document;office_word_mcp_server_api_delete_document;office_word_mcp_server_api_delete_paragraph;office_word_mcp_server_api_find_text_in_document;office_word_mcp_server_api_get_document_info;office_word_mcp_server_api_get_document_outline;office_word_mcp_server_api_get_document_text;office_word_mcp_server_api_get_document_xml;office_word_mcp_server_api_get_paragraph_text_from_document;office_word_mcp_server_api_list_files;office_word_mcp_server_api_merge_doucments;office_word_mcp_server_api_search_replace;outlook_mail_management_compose_email;outlook_mail_management_delete_email_message;outlook_mail_management_find_email_address;outlook_mail_management_forward_email;outlook_mail_management_get_email_messages;outlook_mail_management_reply_to_email;outlook_mail_management_search_outlook_mail;outlook_mail_management_send_email;project_management_tools_add_work_item_comment;project_management_tools_assign_work_item;project_management_tools_create_project;project_management_tools_create_sprint;project_management_tools_create_team;project_management_tools_create_work_item;project_management_tools_delete_project;project_management_tools_delete_sprint;project_management_tools_delete_team;project_management_tools_delete_work_item;project_management_tools_export_sprint_to_sharepoint;project_management_tools_get_project;project_management_tools_get_sprint;project_management_tools_get_team;project_management_tools_get_user_capacity;project_management_tools_get_work_item;project_management_tools_get_work_item_comments;project_management_tools_list_projects;project_management_tools_list_sprints;project_management_tools_list_team_members;project_management_tools_list_teams;project_management_tools_list_users;project_management_tools_list_work_items;project_management_tools_update_project;project_management_tools_update_task_status;project_management_tools_update_user_capacity;project_management_tools_update_work_item;project_management_tools_view_board;quest_studio_file_storage_delete_file;quest_studio_file_storage_get_file;quest_studio_file_storage_get_file_content;quest_studio_file_storage_get_files;quest_studio_file_storage_get_storage_usage;quest_studio_file_storage_query_files;quest_studio_file_storage_update_file;railway_tools_database_list_types;railway_tools_project_create;railway_tools_project_delete;railway_tools_project_environments;railway_tools_project_info;railway_tools_project_list;railway_tools_service_create_from_image;railway_tools_service_create_from_repo;railway_tools_service_delete;railway_tools_service_info;railway_tools_service_list;railway_tools_service_restart;railway_tools_service_update;railway_tools_volume_create;railway_tools_volume_delete;railway_tools_volume_list;railway_tools_volume_update;sharepoint_tools_create_txt_file_in_sharepoint;sharepoint_tools_get_sharepoint_documents;sharepoint_tools_get_sharepoint_sites;supabase_mcp_check_database_health;supabase_mcp_get_all_supabase_projects;supabase_mcp_get_database_tables;supabase_mcp_get_table_schema;supabase_mcp_insert_table_data;supabase_mcp_select_database_table_data;supabase_mcp_update_database_table_data;web_search_tools_web_search,carrot_mcp_server_api_create_employee;carrot_mcp_server_api_create_leave_application;carrot_mcp_server_api_get_employee;carrot_mcp_server_api_hr_dashboard_summary;carrot_mcp_server_api_list_employees;carrot_mcp_server_api_list_leave_application;carrot_mcp_server_api_log_hours_entry;carrot_mcp_server_api_submit_leave_application;carrot_mcp_server_api_update_employee;carrot_mcp_server_api_update_leave_application;carrot_mcp_server_api_work_hours_summary;github_mcp_server_create_branch;github_mcp_server_create_or_update_file;github_mcp_server_create_pull_request;github_mcp_server_create_repository;github_mcp_server_delete_file;github_mcp_server_get_commit;github_mcp_server_get_file_contents;github_mcp_server_get_me;github_mcp_server_list_branches;github_mcp_server_list_commits;github_mcp_server_list_pull_requests;github_mcp_server_merge_pull_request;github_mcp_server_pull_request_read;github_mcp_server_push_files;github_mcp_server_search_repositories;github_mcp_server_update_pull_request;gmail_tools_delete_google_email;gmail_tools_forward_google_email;gmail_tools_get_google_emails;gmail_tools_reply_google_email;gmail_tools_send_google_email;office_word_mcp_server_api_add_heading;office_word_mcp_server_api_add_page_break;office_word_mcp_server_api_add_paragraph;office_word_mcp_server_api_add_picture;office_word_mcp_server_api_add_table;office_word_mcp_server_api_convert_to_pdf;office_word_mcp_server_api_copy_document;office_word_mcp_server_api_create_word_document;office_word_mcp_server_api_delete_document;office_word_mcp_server_api_delete_paragraph;office_word_mcp_server_api_find_text_in_document;office_word_mcp_server_api_get_document_info;office_word_mcp_server_api_get_document_outline;office_word_mcp_server_api_get_document_text;office_word_mcp_server_api_get_document_xml;office_word_mcp_server_api_get_paragraph_text_from_document;office_word_mcp_server_api_list_files;office_word_mcp_server_api_merge_doucments;office_word_mcp_server_api_search_replace;outlook_mail_management_compose_email;outlook_mail_management_delete_email_message;outlook_mail_management_find_email_address;outlook_mail_management_forward_email;outlook_mail_management_get_email_messages;outlook_mail_management_reply_to_email;outlook_mail_management_search_outlook_mail;outlook_mail_management_send_email;project_management_tools_add_work_item_comment;project_management_tools_assign_work_item;project_management_tools_create_project;project_management_tools_create_sprint;project_management_tools_create_team;project_management_tools_create_work_item;project_management_tools_delete_project;project_management_tools_delete_sprint;project_management_tools_delete_team;project_management_tools_delete_work_item;project_management_tools_export_sprint_to_sharepoint;project_management_tools_get_project;project_management_tools_get_sprint;project_management_tools_get_team;project_management_tools_get_user_capacity;project_management_tools_get_work_item;project_management_tools_get_work_item_comments;project_management_tools_list_projects;project_management_tools_list_sprints;project_management_tools_list_team_members;project_management_tools_list_teams;project_management_tools_list_users;project_management_tools_list_work_items;project_management_tools_update_project;project_management_tools_update_task_status;project_management_tools_update_user_capacity;project_management_tools_update_work_item;project_management_tools_view_board;quest_studio_file_storage_delete_file;quest_studio_file_storage_get_file;quest_studio_file_storage_get_file_content;quest_studio_file_storage_get_files;quest_studio_file_storage_get_storage_usage;quest_studio_file_storage_query_files;quest_studio_file_storage_update_file;railway_tools_database_list_types;railway_tools_project_create;railway_tools_project_delete;railway_tools_project_environments;railway_tools_project_info;railway_tools_project_list;railway_tools_service_create_from_image;railway_tools_service_create_from_repo;railway_tools_service_delete;railway_tools_service_info;railway_tools_service_list;railway_tools_service_restart;railway_tools_service_update;railway_tools_volume_create;railway_tools_volume_delete;railway_tools_volume_list;railway_tools_volume_update;sharepoint_tools_create_txt_file_in_sharepoint;sharepoint_tools_get_sharepoint_documents;sharepoint_tools_get_sharepoint_sites;supabase_mcp_check_database_health;supabase_mcp_get_all_supabase_projects;supabase_mcp_get_database_tables;supabase_mcp_get_table_schema;supabase_mcp_insert_table_data;supabase_mcp_select_database_table_data;supabase_mcp_update_database_table_data;web_search_tools_web_search,,office_word_mcp_server_api_create_word_document,,office_word_mcp_server_api_add_heading;office_word_mcp_server_api_add_paragraph;office_word_mcp_server_api_add_table,,122,0.0
family_001,dense_top16,1,Create a Word report,office_word_mcp_server_api_add_heading;office_word_mcp_server_api_add_page_break;office_word_mcp_server_api_add_paragraph;office_word_mcp_server_api_add_picture;office_word_mcp_server_api_add_table;office_word_mcp_server_api_convert_to_pdf;office_word_mcp_server_api_copy_document;office_word_mcp_server_api_create_word_document;office_word_mcp_server_api_delete_document;office_word_mcp_server_api_get_document_info;office_word_mcp_server_api_get_document_outline;office_word_mcp_server_api_get_document_text;office_word_mcp_server_api_get_document_xml;office_word_mcp_server_api_list_files;office_word_mcp_server_api_merge_doucments;sharepoint_tools_create_txt_file_in_sharepoint,office_word_mcp_server_api_add_heading;office_word_mcp_server_api_add_page_break;office_word_mcp_server_api_add_paragraph;office_word_mcp_server_api_add_picture;office_word_mcp_server_api_add_table;office_word_mcp_server_api_convert_to_pdf;office_word_mcp_server_api_copy_document;office_word_mcp_server_api_create_word_document;office_word_mcp_server_api_delete_document;office_word_mcp_server_api_get_document_info;office_word_mcp_server_api_get_document_outline;office_word_mcp_server_api_get_document_text;office_word_mcp_server_api_get_document_xml;office_word_mcp_server_api_list_files;office_word_mcp_server_api_merge_doucments;sharepoint_tools_create_txt_file_in_sharepoint,,office_word_mcp_server_api_create_word_document,,office_word_mcp_server_api_add_heading;office_word_mcp_server_api_add_paragraph;office_word_mcp_server_api_add_table,,16,0.8688524590163934
family_001,octopus,1,Create a Word report,office_word_mcp_server_api_add_heading;office_word_mcp_server_api_add_paragraph;office_word_mcp_server_api_add_table;office_word_mcp_server_api_create_word_document,office_word_mcp_server_api_add_heading;office_word_mcp_server_api_add_paragraph;office_word_mcp_server_api_add_table;office_word_mcp_server_api_create_word_document,,office_word_mcp_server_api_create_word_document,,office_word_mcp_server_api_add_heading;office_word_mcp_server_api_add_paragraph;office_word_mcp_server_api_add_table,,4,0.9672131147540983
compound_001,all,1,Find the latest Nvidia news and email a summary to Tom,carrot_mcp_server_api_create_employee;carrot_mcp_server_api_create_leave_application;carrot_mcp_server_api_get_employee;carrot_mcp_server_api_hr_dashboard_summary;carrot_mcp_server_api_list_employees;carrot_mcp_server_api_list_leave_application;carrot_mcp_server_api_log_hours_entry;carrot_mcp_server_api_submit_leave_application;carrot_mcp_server_api_update_employee;carrot_mcp_server_api_update_leave_application;carrot_mcp_server_api_work_hours_summary;github_mcp_server_create_branch;github_mcp_server_create_or_update_file;github_mcp_server_create_pull_request;github_mcp_server_create_repository;github_mcp_server_delete_file;github_mcp_server_get_commit;github_mcp_server_get_file_contents;github_mcp_server_get_me;github_mcp_server_list_branches;github_mcp_server_list_commits;github_mcp_server_list_pull_requests;github_mcp_server_merge_pull_request;github_mcp_server_pull_request_read;github_mcp_server_push_files;github_mcp_server_search_repositories;github_mcp_server_update_pull_request;gmail_tools_delete_google_email;gmail_tools_forward_google_email;gmail_tools_get_google_emails;gmail_tools_reply_google_email;gmail_tools_send_google_email;office_word_mcp_server_api_add_heading;office_word_mcp_server_api_add_page_break;office_word_mcp_server_api_add_paragraph;office_word_mcp_server_api_add_picture;office_word_mcp_server_api_add_table;office_word_mcp_server_api_convert_to_pdf;office_word_mcp_server_api_copy_document;office_word_mcp_server_api_create_word_document;office_word_mcp_server_api_delete_document;office_word_mcp_server_api_delete_paragraph;office_word_mcp_server_api_find_text_in_document;office_word_mcp_server_api_get_document_info;office_word_mcp_server_api_get_document_outline;office_word_mcp_server_api_get_document_text;office_word_mcp_server_api_get_document_xml;office_word_mcp_server_api_get_paragraph_text_from_document;office_word_mcp_server_api_list_files;office_word_mcp_server_api_merge_doucments;office_word_mcp_server_api_search_replace;outlook_mail_management_compose_email;outlook_mail_management_delete_email_message;outlook_mail_management_find_email_address;outlook_mail_management_forward_email;outlook_mail_management_get_email_messages;outlook_mail_management_reply_to_email;outlook_mail_management_search_outlook_mail;outlook_mail_management_send_email;project_management_tools_add_work_item_comment;project_management_tools_assign_work_item;project_management_tools_create_project;project_management_tools_create_sprint;project_management_tools_create_team;project_management_tools_create_work_item;project_management_tools_delete_project;project_management_tools_delete_sprint;project_management_tools_delete_team;project_management_tools_delete_work_item;project_management_tools_export_sprint_to_sharepoint;project_management_tools_get_project;project_management_tools_get_sprint;project_management_tools_get_team;project_management_tools_get_user_capacity;project_management_tools_get_work_item;project_management_tools_get_work_item_comments;project_management_tools_list_projects;project_management_tools_list_sprints;project_management_tools_list_team_members;project_management_tools_list_teams;project_management_tools_list_users;project_management_tools_list_work_items;project_management_tools_update_project;project_management_tools_update_task_status;project_management_tools_update_user_capacity;project_management_tools_update_work_item;project_management_tools_view_board;quest_studio_file_storage_delete_file;quest_studio_file_storage_get_file;quest_studio_file_storage_get_file_content;quest_studio_file_storage_get_files;quest_studio_file_storage_get_storage_usage;quest_studio_file_storage_query_files;quest_studio_file_storage_update_file;railway_tools_database_list_types;railway_tools_project_create;railway_tools_project_delete;railway_tools_project_environments;railway_tools_project_info;railway_tools_project_list;railway_tools_service_create_from_image;railway_tools_service_create_from_repo;railway_tools_service_delete;railway_tools_service_info;railway_tools_service_list;railway_tools_service_restart;railway_tools_service_update;railway_tools_volume_create;railway_tools_volume_delete;railway_tools_volume_list;railway_tools_volume_update;sharepoint_tools_create_txt_file_in_sharepoint;sharepoint_tools_get_sharepoint_documents;sharepoint_tools_get_sharepoint_sites;supabase_mcp_check_database_health;supabase_mcp_get_all_supabase_projects;supabase_mcp_get_database_tables;supabase_mcp_get_table_schema;supabase_mcp_insert_table_data;supabase_mcp_select_database_table_data;supabase_mcp_update_database_table_data;web_search_tools_web_search,carrot_mcp_server_api_create_employee;carrot_mcp_server_api_create_leave_application;carrot_mcp_server_api_get_employee;carrot_mcp_server_api_hr_dashboard_summary;carrot_mcp_server_api_list_employees;carrot_mcp_server_api_list_leave_application;carrot_mcp_server_api_log_hours_entry;carrot_mcp_server_api_submit_leave_application;carrot_mcp_server_api_update_employee;carrot_mcp_server_api_update_leave_application;carrot_mcp_server_api_work_hours_summary;github_mcp_server_create_branch;github_mcp_server_create_or_update_file;github_mcp_server_create_pull_request;github_mcp_server_create_repository;github_mcp_server_delete_file;github_mcp_server_get_commit;github_mcp_server_get_file_contents;github_mcp_server_get_me;github_mcp_server_list_branches;github_mcp_server_list_commits;github_mcp_server_list_pull_requests;github_mcp_server_merge_pull_request;github_mcp_server_pull_request_read;github_mcp_server_push_files;github_mcp_server_search_repositories;github_mcp_server_update_pull_request;gmail_tools_delete_google_email;gmail_tools_forward_google_email;gmail_tools_get_google_emails;gmail_tools_reply_google_email;gmail_tools_send_google_email;office_word_mcp_server_api_add_heading;office_word_mcp_server_api_add_page_break;office_word_mcp_server_api_add_paragraph;office_word_mcp_server_api_add_picture;office_word_mcp_server_api_add_table;office_word_mcp_server_api_convert_to_pdf;office_word_mcp_server_api_copy_document;office_word_mcp_server_api_create_word_document;office_word_mcp_server_api_delete_document;office_word_mcp_server_api_delete_paragraph;office_word_mcp_server_api_find_text_in_document;office_word_mcp_server_api_get_document_info;office_word_mcp_server_api_get_document_outline;office_word_mcp_server_api_get_document_text;office_word_mcp_server_api_get_document_xml;office_word_mcp_server_api_get_paragraph_text_from_document;office_word_mcp_server_api_list_files;office_word_mcp_server_api_merge_doucments;office_word_mcp_server_api_search_replace;outlook_mail_management_compose_email;outlook_mail_management_delete_email_message;outlook_mail_management_find_email_address;outlook_mail_management_forward_email;outlook_mail_management_get_email_messages;outlook_mail_management_reply_to_email;outlook_mail_management_search_outlook_mail;outlook_mail_management_send_email;project_management_tools_add_work_item_comment;project_management_tools_assign_work_item;project_management_tools_create_project;project_management_tools_create_sprint;project_management_tools_create_team;project_management_tools_create_work_item;project_management_tools_delete_project;project_management_tools_delete_sprint;project_management_tools_delete_team;project_management_tools_delete_work_item;project_management_tools_export_sprint_to_sharepoint;project_management_tools_get_project;project_management_tools_get_sprint;project_management_tools_get_team;project_management_tools_get_user_capacity;project_management_tools_get_work_item;project_management_tools_get_work_item_comments;project_management_tools_list_projects;project_management_tools_list_sprints;project_management_tools_list_team_members;project_management_tools_list_teams;project_management_tools_list_users;project_management_tools_list_work_items;project_management_tools_update_project;project_management_tools_update_task_status;project_management_tools_update_user_capacity;project_management_tools_update_work_item;project_management_tools_view_board;quest_studio_file_storage_delete_file;quest_studio_file_storage_get_file;quest_studio_file_storage_get_file_content;quest_studio_file_storage_get_files;quest_studio_file_storage_get_storage_usage;quest_studio_file_storage_query_files;quest_studio_file_storage_update_file;railway_tools_database_list_types;railway_tools_project_create;railway_tools_project_delete;railway_tools_project_environments;railway_tools_project_info;railway_tools_project_list;railway_tools_service_create_from_image;railway_tools_service_create_from_repo;railway_tools_service_delete;railway_tools_service_info;railway_tools_service_list;railway_tools_service_restart;railway_tools_service_update;railway_tools_volume_create;railway_tools_volume_delete;railway_tools_volume_list;railway_tools_volume_update;sharepoint_tools_create_txt_file_in_sharepoint;sharepoint_tools_get_sharepoint_documents;sharepoint_tools_get_sharepoint_sites;supabase_mcp_check_database_health;supabase_mcp_get_all_supabase_projects;supabase_mcp_get_database_tables;supabase_mcp_get_table_schema;supabase_mcp_insert_table_data;supabase_mcp_select_database_table_data;supabase_mcp_update_database_table_data;web_search_tools_web_search,,outlook_mail_management_send_email;web_search_tools_web_search,,outlook_mail_management_find_email_address,,122,0.0
compound_001,dense_top16,1,Find the latest Nvidia news and email a summary to Tom,carrot_mcp_server_api_hr_dashboard_summary;github_mcp_server_get_commit;github_mcp_server_pull_request_read;github_mcp_server_search_repositories;gmail_tools_forward_google_email;gmail_tools_get_google_emails;gmail_tools_reply_google_email;gmail_tools_send_google_email;office_word_mcp_server_api_get_paragraph_text_from_document;office_word_mcp_server_api_search_replace;outlook_mail_management_compose_email;outlook_mail_management_find_email_address;outlook_mail_management_reply_to_email;railway_tools_project_info;railway_tools_service_info;web_search_tools_web_search,carrot_mcp_server_api_hr_dashboard_summary;github_mcp_server_get_commit;github_mcp_server_pull_request_read;github_mcp_server_search_repositories;gmail_tools_forward_google_email;gmail_tools_get_google_emails;gmail_tools_reply_google_email;gmail_tools_send_google_email;office_word_mcp_server_api_get_paragraph_text_from_document;office_word_mcp_server_api_search_replace;outlook_mail_management_compose_email;outlook_mail_management_find_email_address;outlook_mail_management_reply_to_email;railway_tools_project_info;railway_tools_service_info;web_search_tools_web_search,,web_search_tools_web_search,outlook_mail_management_send_email,outlook_mail_management_find_email_address,,16,0.8688524590163934
compound_001,octopus,1,Find the latest Nvidia news and email a summary to Tom,github_mcp_server_search_repositories;gmail_tools_delete_google_email;gmail_tools_forward_google_email;gmail_tools_get_google_emails;gmail_tools_reply_google_email;gmail_tools_send_google_email;outlook_mail_management_compose_email;outlook_mail_management_find_email_address;outlook_mail_management_forward_email;outlook_mail_management_reply_to_email;outlook_mail_management_search_outlook_mail;outlook_mail_management_send_email;web_search_tools_web_search,github_mcp_server_search_repositories;gmail_tools_delete_google_email;gmail_tools_forward_google_email;gmail_tools_get_google_emails;gmail_tools_reply_google_email;gmail_tools_send_google_email;outlook_mail_management_compose_email;outlook_mail_management_find_email_address;outlook_mail_management_forward_email;outlook_mail_management_reply_to_email;outlook_mail_management_search_outlook_mail;outlook_mail_management_send_email;web_search_tools_web_search,,outlook_mail_management_send_email;web_search_tools_web_search,,outlook_mail_management_find_email_address,,13,0.8934426229508197
dependency_001,all,1,Email Tom the sprint report,carrot_mcp_server_api_create_employee;carrot_mcp_server_api_create_leave_application;carrot_mcp_server_api_get_employee;carrot_mcp_server_api_hr_dashboard_summary;carrot_mcp_server_api_list_employees;carrot_mcp_server_api_list_leave_application;carrot_mcp_server_api_log_hours_entry;carrot_mcp_server_api_submit_leave_application;carrot_mcp_server_api_update_employee;carrot_mcp_server_api_update_leave_application;carrot_mcp_server_api_work_hours_summary;github_mcp_server_create_branch;github_mcp_server_create_or_update_file;github_mcp_server_create_pull_request;github_mcp_server_create_repository;github_mcp_server_delete_file;github_mcp_server_get_commit;github_mcp_server_get_file_contents;github_mcp_server_get_me;github_mcp_server_list_branches;github_mcp_server_list_commits;github_mcp_server_list_pull_requests;github_mcp_server_merge_pull_request;github_mcp_server_pull_request_read;github_mcp_server_push_files;github_mcp_server_search_repositories;github_mcp_server_update_pull_request;gmail_tools_delete_google_email;gmail_tools_forward_google_email;gmail_tools_get_google_emails;gmail_tools_reply_google_email;gmail_tools_send_google_email;office_word_mcp_server_api_add_heading;office_word_mcp_server_api_add_page_break;office_word_mcp_server_api_add_paragraph;office_word_mcp_server_api_add_picture;office_word_mcp_server_api_add_table;office_word_mcp_server_api_convert_to_pdf;office_word_mcp_server_api_copy_document;office_word_mcp_server_api_create_word_document;office_word_mcp_server_api_delete_document;office_word_mcp_server_api_delete_paragraph;office_word_mcp_server_api_find_text_in_document;office_word_mcp_server_api_get_document_info;office_word_mcp_server_api_get_document_outline;office_word_mcp_server_api_get_document_text;office_word_mcp_server_api_get_document_xml;office_word_mcp_server_api_get_paragraph_text_from_document;office_word_mcp_server_api_list_files;office_word_mcp_server_api_merge_doucments;office_word_mcp_server_api_search_replace;outlook_mail_management_compose_email;outlook_mail_management_delete_email_message;outlook_mail_management_find_email_address;outlook_mail_management_forward_email;outlook_mail_management_get_email_messages;outlook_mail_management_reply_to_email;outlook_mail_management_search_outlook_mail;outlook_mail_management_send_email;project_management_tools_add_work_item_comment;project_management_tools_assign_work_item;project_management_tools_create_project;project_management_tools_create_sprint;project_management_tools_create_team;project_management_tools_create_work_item;project_management_tools_delete_project;project_management_tools_delete_sprint;project_management_tools_delete_team;project_management_tools_delete_work_item;project_management_tools_export_sprint_to_sharepoint;project_management_tools_get_project;project_management_tools_get_sprint;project_management_tools_get_team;project_management_tools_get_user_capacity;project_management_tools_get_work_item;project_management_tools_get_work_item_comments;project_management_tools_list_projects;project_management_tools_list_sprints;project_management_tools_list_team_members;project_management_tools_list_teams;project_management_tools_list_users;project_management_tools_list_work_items;project_management_tools_update_project;project_management_tools_update_task_status;project_management_tools_update_user_capacity;project_management_tools_update_work_item;project_management_tools_view_board;quest_studio_file_storage_delete_file;quest_studio_file_storage_get_file;quest_studio_file_storage_get_file_content;quest_studio_file_storage_get_files;quest_studio_file_storage_get_storage_usage;quest_studio_file_storage_query_files;quest_studio_file_storage_update_file;railway_tools_database_list_types;railway_tools_project_create;railway_tools_project_delete;railway_tools_project_environments;railway_tools_project_info;railway_tools_project_list;railway_tools_service_create_from_image;railway_tools_service_create_from_repo;railway_tools_service_delete;railway_tools_service_info;railway_tools_service_list;railway_tools_service_restart;railway_tools_service_update;railway_tools_volume_create;railway_tools_volume_delete;railway_tools_volume_list;railway_tools_volume_update;sharepoint_tools_create_txt_file_in_sharepoint;sharepoint_tools_get_sharepoint_documents;sharepoint_tools_get_sharepoint_sites;supabase_mcp_check_database_health;supabase_mcp_get_all_supabase_projects;supabase_mcp_get_database_tables;supabase_mcp_get_table_schema;supabase_mcp_insert_table_data;supabase_mcp_select_database_table_data;supabase_mcp_update_database_table_data;web_search_tools_web_search,carrot_mcp_server_api_create_employee;carrot_mcp_server_api_create_leave_application;carrot_mcp_server_api_get_employee;carrot_mcp_server_api_hr_dashboard_summary;carrot_mcp_server_api_list_employees;carrot_mcp_server_api_list_leave_application;carrot_mcp_server_api_log_hours_entry;carrot_mcp_server_api_submit_leave_application;carrot_mcp_server_api_update_employee;carrot_mcp_server_api_update_leave_application;carrot_mcp_server_api_work_hours_summary;github_mcp_server_create_branch;github_mcp_server_create_or_update_file;github_mcp_server_create_pull_request;github_mcp_server_create_repository;github_mcp_server_delete_file;github_mcp_server_get_commit;github_mcp_server_get_file_contents;github_mcp_server_get_me;github_mcp_server_list_branches;github_mcp_server_list_commits;github_mcp_server_list_pull_requests;github_mcp_server_merge_pull_request;github_mcp_server_pull_request_read;github_mcp_server_push_files;github_mcp_server_search_repositories;github_mcp_server_update_pull_request;gmail_tools_delete_google_email;gmail_tools_forward_google_email;gmail_tools_get_google_emails;gmail_tools_reply_google_email;gmail_tools_send_google_email;office_word_mcp_server_api_add_heading;office_word_mcp_server_api_add_page_break;office_word_mcp_server_api_add_paragraph;office_word_mcp_server_api_add_picture;office_word_mcp_server_api_add_table;office_word_mcp_server_api_convert_to_pdf;office_word_mcp_server_api_copy_document;office_word_mcp_server_api_create_word_document;office_word_mcp_server_api_delete_document;office_word_mcp_server_api_delete_paragraph;office_word_mcp_server_api_find_text_in_document;office_word_mcp_server_api_get_document_info;office_word_mcp_server_api_get_document_outline;office_word_mcp_server_api_get_document_text;office_word_mcp_server_api_get_document_xml;office_word_mcp_server_api_get_paragraph_text_from_document;office_word_mcp_server_api_list_files;office_word_mcp_server_api_merge_doucments;office_word_mcp_server_api_search_replace;outlook_mail_management_compose_email;outlook_mail_management_delete_email_message;outlook_mail_management_find_email_address;outlook_mail_management_forward_email;outlook_mail_management_get_email_messages;outlook_mail_management_reply_to_email;outlook_mail_management_search_outlook_mail;outlook_mail_management_send_email;project_management_tools_add_work_item_comment;project_management_tools_assign_work_item;project_management_tools_create_project;project_management_tools_create_sprint;project_management_tools_create_team;project_management_tools_create_work_item;project_management_tools_delete_project;project_management_tools_delete_sprint;project_management_tools_delete_team;project_management_tools_delete_work_item;project_management_tools_export_sprint_to_sharepoint;project_management_tools_get_project;project_management_tools_get_sprint;project_management_tools_get_team;project_management_tools_get_user_capacity;project_management_tools_get_work_item;project_management_tools_get_work_item_comments;project_management_tools_list_projects;project_management_tools_list_sprints;project_management_tools_list_team_members;project_management_tools_list_teams;project_management_tools_list_users;project_management_tools_list_work_items;project_management_tools_update_project;project_management_tools_update_task_status;project_management_tools_update_user_capacity;project_management_tools_update_work_item;project_management_tools_view_board;quest_studio_file_storage_delete_file;quest_studio_file_storage_get_file;quest_studio_file_storage_get_file_content;quest_studio_file_storage_get_files;quest_studio_file_storage_get_storage_usage;quest_studio_file_storage_query_files;quest_studio_file_storage_update_file;railway_tools_database_list_types;railway_tools_project_create;railway_tools_project_delete;railway_tools_project_environments;railway_tools_project_info;railway_tools_project_list;railway_tools_service_create_from_image;railway_tools_service_create_from_repo;railway_tools_service_delete;railway_tools_service_info;railway_tools_service_list;railway_tools_service_restart;railway_tools_service_update;railway_tools_volume_create;railway_tools_volume_delete;railway_tools_volume_list;railway_tools_volume_update;sharepoint_tools_create_txt_file_in_sharepoint;sharepoint_tools_get_sharepoint_documents;sharepoint_tools_get_sharepoint_sites;supabase_mcp_check_database_health;supabase_mcp_get_all_supabase_projects;supabase_mcp_get_database_tables;supabase_mcp_get_table_schema;supabase_mcp_insert_table_data;supabase_mcp_select_database_table_data;supabase_mcp_update_database_table_data;web_search_tools_web_search,,outlook_mail_management_send_email,,outlook_mail_management_find_email_address,,122,0.0
dependency_001,dense_top16,1,Email Tom the sprint report,carrot_mcp_server_api_hr_dashboard_summary;carrot_mcp_server_api_work_hours_summary;github_mcp_server_pull_request_read;gmail_tools_get_google_emails;gmail_tools_reply_google_email;gmail_tools_send_google_email;project_management_tools_create_sprint;project_management_tools_delete_sprint;project_management_tools_export_sprint_to_sharepoint;project_management_tools_get_sprint;project_management_tools_get_user_capacity;project_management_tools_list_sprints;project_management_tools_list_work_items;project_management_tools_update_user_capacity;railway_tools_project_environments;railway_tools_project_info,carrot_mcp_server_api_hr_dashboard_summary;carrot_mcp_server_api_work_hours_summary;github_mcp_server_pull_request_read;gmail_tools_get_google_emails;gmail_tools_reply_google_email;gmail_tools_send_google_email;project_management_tools_create_sprint;project_management_tools_delete_sprint;project_management_tools_export_sprint_to_sharepoint;project_management_tools_get_sprint;project_management_tools_get_user_capacity;project_management_tools_list_sprints;project_management_tools_list_work_items;project_management_tools_update_user_capacity;railway_tools_project_environments;railway_tools_project_info,,,outlook_mail_management_send_email,,outlook_mail_management_find_email_address,16,0.8688524590163934
dependency_001,octopus,1,Email Tom the sprint report,project_management_tools_export_sprint_to_sharepoint;project_management_tools_get_sprint;project_management_tools_list_sprints,project_management_tools_export_sprint_to_sharepoint;project_management_tools_get_sprint;project_management_tools_list_sprints,,,outlook_mail_management_send_email,,outlook_mail_management_find_email_address,3,0.9754098360655737
conversation_001,all,1,Find the latest Nvidia news,carrot_mcp_server_api_create_employee;carrot_mcp_server_api_create_leave_application;carrot_mcp_server_api_get_employee;carrot_mcp_server_api_hr_dashboard_summary;carrot_mcp_server_api_list_employees;carrot_mcp_server_api_list_leave_application;carrot_mcp_server_api_log_hours_entry;carrot_mcp_server_api_submit_leave_application;carrot_mcp_server_api_update_employee;carrot_mcp_server_api_update_leave_application;carrot_mcp_server_api_work_hours_summary;github_mcp_server_create_branch;github_mcp_server_create_or_update_file;github_mcp_server_create_pull_request;github_mcp_server_create_repository;github_mcp_server_delete_file;github_mcp_server_get_commit;github_mcp_server_get_file_contents;github_mcp_server_get_me;github_mcp_server_list_branches;github_mcp_server_list_commits;github_mcp_server_list_pull_requests;github_mcp_server_merge_pull_request;github_mcp_server_pull_request_read;github_mcp_server_push_files;github_mcp_server_search_repositories;github_mcp_server_update_pull_request;gmail_tools_delete_google_email;gmail_tools_forward_google_email;gmail_tools_get_google_emails;gmail_tools_reply_google_email;gmail_tools_send_google_email;office_word_mcp_server_api_add_heading;office_word_mcp_server_api_add_page_break;office_word_mcp_server_api_add_paragraph;office_word_mcp_server_api_add_picture;office_word_mcp_server_api_add_table;office_word_mcp_server_api_convert_to_pdf;office_word_mcp_server_api_copy_document;office_word_mcp_server_api_create_word_document;office_word_mcp_server_api_delete_document;office_word_mcp_server_api_delete_paragraph;office_word_mcp_server_api_find_text_in_document;office_word_mcp_server_api_get_document_info;office_word_mcp_server_api_get_document_outline;office_word_mcp_server_api_get_document_text;office_word_mcp_server_api_get_document_xml;office_word_mcp_server_api_get_paragraph_text_from_document;office_word_mcp_server_api_list_files;office_word_mcp_server_api_merge_doucments;office_word_mcp_server_api_search_replace;outlook_mail_management_compose_email;outlook_mail_management_delete_email_message;outlook_mail_management_find_email_address;outlook_mail_management_forward_email;outlook_mail_management_get_email_messages;outlook_mail_management_reply_to_email;outlook_mail_management_search_outlook_mail;outlook_mail_management_send_email;project_management_tools_add_work_item_comment;project_management_tools_assign_work_item;project_management_tools_create_project;project_management_tools_create_sprint;project_management_tools_create_team;project_management_tools_create_work_item;project_management_tools_delete_project;project_management_tools_delete_sprint;project_management_tools_delete_team;project_management_tools_delete_work_item;project_management_tools_export_sprint_to_sharepoint;project_management_tools_get_project;project_management_tools_get_sprint;project_management_tools_get_team;project_management_tools_get_user_capacity;project_management_tools_get_work_item;project_management_tools_get_work_item_comments;project_management_tools_list_projects;project_management_tools_list_sprints;project_management_tools_list_team_members;project_management_tools_list_teams;project_management_tools_list_users;project_management_tools_list_work_items;project_management_tools_update_project;project_management_tools_update_task_status;project_management_tools_update_user_capacity;project_management_tools_update_work_item;project_management_tools_view_board;quest_studio_file_storage_delete_file;quest_studio_file_storage_get_file;quest_studio_file_storage_get_file_content;quest_studio_file_storage_get_files;quest_studio_file_storage_get_storage_usage;quest_studio_file_storage_query_files;quest_studio_file_storage_update_file;railway_tools_database_list_types;railway_tools_project_create;railway_tools_project_delete;railway_tools_project_environments;railway_tools_project_info;railway_tools_project_list;railway_tools_service_create_from_image;railway_tools_service_create_from_repo;railway_tools_service_delete;railway_tools_service_info;railway_tools_service_list;railway_tools_service_restart;railway_tools_service_update;railway_tools_volume_create;railway_tools_volume_delete;railway_tools_volume_list;railway_tools_volume_update;sharepoint_tools_create_txt_file_in_sharepoint;sharepoint_tools_get_sharepoint_documents;sharepoint_tools_get_sharepoint_sites;supabase_mcp_check_database_health;supabase_mcp_get_all_supabase_projects;supabase_mcp_get_database_tables;supabase_mcp_get_table_schema;supabase_mcp_insert_table_data;supabase_mcp_select_database_table_data;supabase_mcp_update_database_table_data;web_search_tools_web_search,carrot_mcp_server_api_create_employee;carrot_mcp_server_api_create_leave_application;carrot_mcp_server_api_get_employee;carrot_mcp_server_api_hr_dashboard_summary;carrot_mcp_server_api_list_employees;carrot_mcp_server_api_list_leave_application;carrot_mcp_server_api_log_hours_entry;carrot_mcp_server_api_submit_leave_application;carrot_mcp_server_api_update_employee;carrot_mcp_server_api_update_leave_application;carrot_mcp_server_api_work_hours_summary;github_mcp_server_create_branch;github_mcp_server_create_or_update_file;github_mcp_server_create_pull_request;github_mcp_server_create_repository;github_mcp_server_delete_file;github_mcp_server_get_commit;github_mcp_server_get_file_contents;github_mcp_server_get_me;github_mcp_server_list_branches;github_mcp_server_list_commits;github_mcp_server_list_pull_requests;github_mcp_server_merge_pull_request;github_mcp_server_pull_request_read;github_mcp_server_push_files;github_mcp_server_search_repositories;github_mcp_server_update_pull_request;gmail_tools_delete_google_email;gmail_tools_forward_google_email;gmail_tools_get_google_emails;gmail_tools_reply_google_email;gmail_tools_send_google_email;office_word_mcp_server_api_add_heading;office_word_mcp_server_api_add_page_break;office_word_mcp_server_api_add_paragraph;office_word_mcp_server_api_add_picture;office_word_mcp_server_api_add_table;office_word_mcp_server_api_convert_to_pdf;office_word_mcp_server_api_copy_document;office_word_mcp_server_api_create_word_document;office_word_mcp_server_api_delete_document;office_word_mcp_server_api_delete_paragraph;office_word_mcp_server_api_find_text_in_document;office_word_mcp_server_api_get_document_info;office_word_mcp_server_api_get_document_outline;office_word_mcp_server_api_get_document_text;office_word_mcp_server_api_get_document_xml;office_word_mcp_server_api_get_paragraph_text_from_document;office_word_mcp_server_api_list_files;office_word_mcp_server_api_merge_doucments;office_word_mcp_server_api_search_replace;outlook_mail_management_compose_email;outlook_mail_management_delete_email_message;outlook_mail_management_find_email_address;outlook_mail_management_forward_email;outlook_mail_management_get_email_messages;outlook_mail_management_reply_to_email;outlook_mail_management_search_outlook_mail;outlook_mail_management_send_email;project_management_tools_add_work_item_comment;project_management_tools_assign_work_item;project_management_tools_create_project;project_management_tools_create_sprint;project_management_tools_create_team;project_management_tools_create_work_item;project_management_tools_delete_project;project_management_tools_delete_sprint;project_management_tools_delete_team;project_management_tools_delete_work_item;project_management_tools_export_sprint_to_sharepoint;project_management_tools_get_project;project_management_tools_get_sprint;project_management_tools_get_team;project_management_tools_get_user_capacity;project_management_tools_get_work_item;project_management_tools_get_work_item_comments;project_management_tools_list_projects;project_management_tools_list_sprints;project_management_tools_list_team_members;project_management_tools_list_teams;project_management_tools_list_users;project_management_tools_list_work_items;project_management_tools_update_project;project_management_tools_update_task_status;project_management_tools_update_user_capacity;project_management_tools_update_work_item;project_management_tools_view_board;quest_studio_file_storage_delete_file;quest_studio_file_storage_get_file;quest_studio_file_storage_get_file_content;quest_studio_file_storage_get_files;quest_studio_file_storage_get_storage_usage;quest_studio_file_storage_query_files;quest_studio_file_storage_update_file;railway_tools_database_list_types;railway_tools_project_create;railway_tools_project_delete;railway_tools_project_environments;railway_tools_project_info;railway_tools_project_list;railway_tools_service_create_from_image;railway_tools_service_create_from_repo;railway_tools_service_delete;railway_tools_service_info;railway_tools_service_list;railway_tools_service_restart;railway_tools_service_update;railway_tools_volume_create;railway_tools_volume_delete;railway_tools_volume_list;railway_tools_volume_update;sharepoint_tools_create_txt_file_in_sharepoint;sharepoint_tools_get_sharepoint_documents;sharepoint_tools_get_sharepoint_sites;supabase_mcp_check_database_health;supabase_mcp_get_all_supabase_projects;supabase_mcp_get_database_tables;supabase_mcp_get_table_schema;supabase_mcp_insert_table_data;supabase_mcp_select_database_table_data;supabase_mcp_update_database_table_data;web_search_tools_web_search,,web_search_tools_web_search,,,,122,0.0
conversation_001,all,2,Email it to Tom,carrot_mcp_server_api_create_employee;carrot_mcp_server_api_create_leave_application;carrot_mcp_server_api_get_employee;carrot_mcp_server_api_hr_dashboard_summary;carrot_mcp_server_api_list_employees;carrot_mcp_server_api_list_leave_application;carrot_mcp_server_api_log_hours_entry;carrot_mcp_server_api_submit_leave_application;carrot_mcp_server_api_update_employee;carrot_mcp_server_api_update_leave_application;carrot_mcp_server_api_work_hours_summary;github_mcp_server_create_branch;github_mcp_server_create_or_update_file;github_mcp_server_create_pull_request;github_mcp_server_create_repository;github_mcp_server_delete_file;github_mcp_server_get_commit;github_mcp_server_get_file_contents;github_mcp_server_get_me;github_mcp_server_list_branches;github_mcp_server_list_commits;github_mcp_server_list_pull_requests;github_mcp_server_merge_pull_request;github_mcp_server_pull_request_read;github_mcp_server_push_files;github_mcp_server_search_repositories;github_mcp_server_update_pull_request;gmail_tools_delete_google_email;gmail_tools_forward_google_email;gmail_tools_get_google_emails;gmail_tools_reply_google_email;gmail_tools_send_google_email;office_word_mcp_server_api_add_heading;office_word_mcp_server_api_add_page_break;office_word_mcp_server_api_add_paragraph;office_word_mcp_server_api_add_picture;office_word_mcp_server_api_add_table;office_word_mcp_server_api_convert_to_pdf;office_word_mcp_server_api_copy_document;office_word_mcp_server_api_create_word_document;office_word_mcp_server_api_delete_document;office_word_mcp_server_api_delete_paragraph;office_word_mcp_server_api_find_text_in_document;office_word_mcp_server_api_get_document_info;office_word_mcp_server_api_get_document_outline;office_word_mcp_server_api_get_document_text;office_word_mcp_server_api_get_document_xml;office_word_mcp_server_api_get_paragraph_text_from_document;office_word_mcp_server_api_list_files;office_word_mcp_server_api_merge_doucments;office_word_mcp_server_api_search_replace;outlook_mail_management_compose_email;outlook_mail_management_delete_email_message;outlook_mail_management_find_email_address;outlook_mail_management_forward_email;outlook_mail_management_get_email_messages;outlook_mail_management_reply_to_email;outlook_mail_management_search_outlook_mail;outlook_mail_management_send_email;project_management_tools_add_work_item_comment;project_management_tools_assign_work_item;project_management_tools_create_project;project_management_tools_create_sprint;project_management_tools_create_team;project_management_tools_create_work_item;project_management_tools_delete_project;project_management_tools_delete_sprint;project_management_tools_delete_team;project_management_tools_delete_work_item;project_management_tools_export_sprint_to_sharepoint;project_management_tools_get_project;project_management_tools_get_sprint;project_management_tools_get_team;project_management_tools_get_user_capacity;project_management_tools_get_work_item;project_management_tools_get_work_item_comments;project_management_tools_list_projects;project_management_tools_list_sprints;project_management_tools_list_team_members;project_management_tools_list_teams;project_management_tools_list_users;project_management_tools_list_work_items;project_management_tools_update_project;project_management_tools_update_task_status;project_management_tools_update_user_capacity;project_management_tools_update_work_item;project_management_tools_view_board;quest_studio_file_storage_delete_file;quest_studio_file_storage_get_file;quest_studio_file_storage_get_file_content;quest_studio_file_storage_get_files;quest_studio_file_storage_get_storage_usage;quest_studio_file_storage_query_files;quest_studio_file_storage_update_file;railway_tools_database_list_types;railway_tools_project_create;railway_tools_project_delete;railway_tools_project_environments;railway_tools_project_info;railway_tools_project_list;railway_tools_service_create_from_image;railway_tools_service_create_from_repo;railway_tools_service_delete;railway_tools_service_info;railway_tools_service_list;railway_tools_service_restart;railway_tools_service_update;railway_tools_volume_create;railway_tools_volume_delete;railway_tools_volume_list;railway_tools_volume_update;sharepoint_tools_create_txt_file_in_sharepoint;sharepoint_tools_get_sharepoint_documents;sharepoint_tools_get_sharepoint_sites;supabase_mcp_check_database_health;supabase_mcp_get_all_supabase_projects;supabase_mcp_get_database_tables;supabase_mcp_get_table_schema;supabase_mcp_insert_table_data;supabase_mcp_select_database_table_data;supabase_mcp_update_database_table_data;web_search_tools_web_search,carrot_mcp_server_api_create_employee;carrot_mcp_server_api_create_leave_application;carrot_mcp_server_api_get_employee;carrot_mcp_server_api_hr_dashboard_summary;carrot_mcp_server_api_list_employees;carrot_mcp_server_api_list_leave_application;carrot_mcp_server_api_log_hours_entry;carrot_mcp_server_api_submit_leave_application;carrot_mcp_server_api_update_employee;carrot_mcp_server_api_update_leave_application;carrot_mcp_server_api_work_hours_summary;github_mcp_server_create_branch;github_mcp_server_create_or_update_file;github_mcp_server_create_pull_request;github_mcp_server_create_repository;github_mcp_server_delete_file;github_mcp_server_get_commit;github_mcp_server_get_file_contents;github_mcp_server_get_me;github_mcp_server_list_branches;github_mcp_server_list_commits;github_mcp_server_list_pull_requests;github_mcp_server_merge_pull_request;github_mcp_server_pull_request_read;github_mcp_server_push_files;github_mcp_server_search_repositories;github_mcp_server_update_pull_request;gmail_tools_delete_google_email;gmail_tools_forward_google_email;gmail_tools_get_google_emails;gmail_tools_reply_google_email;gmail_tools_send_google_email;office_word_mcp_server_api_add_heading;office_word_mcp_server_api_add_page_break;office_word_mcp_server_api_add_paragraph;office_word_mcp_server_api_add_picture;office_word_mcp_server_api_add_table;office_word_mcp_server_api_convert_to_pdf;office_word_mcp_server_api_copy_document;office_word_mcp_server_api_create_word_document;office_word_mcp_server_api_delete_document;office_word_mcp_server_api_delete_paragraph;office_word_mcp_server_api_find_text_in_document;office_word_mcp_server_api_get_document_info;office_word_mcp_server_api_get_document_outline;office_word_mcp_server_api_get_document_text;office_word_mcp_server_api_get_document_xml;office_word_mcp_server_api_get_paragraph_text_from_document;office_word_mcp_server_api_list_files;office_word_mcp_server_api_merge_doucments;office_word_mcp_server_api_search_replace;outlook_mail_management_compose_email;outlook_mail_management_delete_email_message;outlook_mail_management_find_email_address;outlook_mail_management_forward_email;outlook_mail_management_get_email_messages;outlook_mail_management_reply_to_email;outlook_mail_management_search_outlook_mail;outlook_mail_management_send_email;project_management_tools_add_work_item_comment;project_management_tools_assign_work_item;project_management_tools_create_project;project_management_tools_create_sprint;project_management_tools_create_team;project_management_tools_create_work_item;project_management_tools_delete_project;project_management_tools_delete_sprint;project_management_tools_delete_team;project_management_tools_delete_work_item;project_management_tools_export_sprint_to_sharepoint;project_management_tools_get_project;project_management_tools_get_sprint;project_management_tools_get_team;project_management_tools_get_user_capacity;project_management_tools_get_work_item;project_management_tools_get_work_item_comments;project_management_tools_list_projects;project_management_tools_list_sprints;project_management_tools_list_team_members;project_management_tools_list_teams;project_management_tools_list_users;project_management_tools_list_work_items;project_management_tools_update_project;project_management_tools_update_task_status;project_management_tools_update_user_capacity;project_management_tools_update_work_item;project_management_tools_view_board;quest_studio_file_storage_delete_file;quest_studio_file_storage_get_file;quest_studio_file_storage_get_file_content;quest_studio_file_storage_get_files;quest_studio_file_storage_get_storage_usage;quest_studio_file_storage_query_files;quest_studio_file_storage_update_file;railway_tools_database_list_types;railway_tools_project_create;railway_tools_project_delete;railway_tools_project_environments;railway_tools_project_info;railway_tools_project_list;railway_tools_service_create_from_image;railway_tools_service_create_from_repo;railway_tools_service_delete;railway_tools_service_info;railway_tools_service_list;railway_tools_service_restart;railway_tools_service_update;railway_tools_volume_create;railway_tools_volume_delete;railway_tools_volume_list;railway_tools_volume_update;sharepoint_tools_create_txt_file_in_sharepoint;sharepoint_tools_get_sharepoint_documents;sharepoint_tools_get_sharepoint_sites;supabase_mcp_check_database_health;supabase_mcp_get_all_supabase_projects;supabase_mcp_get_database_tables;supabase_mcp_get_table_schema;supabase_mcp_insert_table_data;supabase_mcp_select_database_table_data;supabase_mcp_update_database_table_data;web_search_tools_web_search,,outlook_mail_management_send_email,,outlook_mail_management_find_email_address,,122,0.0
conversation_001,dense_top16,1,Find the latest Nvidia news,carrot_mcp_server_api_hr_dashboard_summary;github_mcp_server_get_commit;github_mcp_server_get_me;github_mcp_server_list_commits;github_mcp_server_list_pull_requests;github_mcp_server_pull_request_read;github_mcp_server_search_repositories;office_word_mcp_server_api_search_replace;quest_studio_file_storage_get_storage_usage;railway_tools_project_environments;railway_tools_project_info;railway_tools_service_create_from_repo;railway_tools_service_info;railway_tools_service_list;railway_tools_service_update;web_search_tools_web_search,carrot_mcp_server_api_hr_dashboard_summary;github_mcp_server_get_commit;github_mcp_server_get_me;github_mcp_server_list_commits;github_mcp_server_list_pull_requests;github_mcp_server_pull_request_read;github_mcp_server_search_repositories;office_word_mcp_server_api_search_replace;quest_studio_file_storage_get_storage_usage;railway_tools_project_environments;railway_tools_project_info;railway_tools_service_create_from_repo;railway_tools_service_info;railway_tools_service_list;railway_tools_service_update;web_search_tools_web_search,,web_search_tools_web_search,,,,16,0.8688524590163934
conversation_001,dense_top16,2,Email it to Tom,gmail_tools_delete_google_email;gmail_tools_forward_google_email;gmail_tools_get_google_emails;gmail_tools_reply_google_email;gmail_tools_send_google_email;office_word_mcp_server_api_add_picture;office_word_mcp_server_api_convert_to_pdf;outlook_mail_management_compose_email;outlook_mail_management_find_email_address;outlook_mail_management_forward_email;outlook_mail_management_get_email_messages;outlook_mail_management_reply_to_email;outlook_mail_management_search_outlook_mail;outlook_mail_management_send_email;project_management_tools_export_sprint_to_sharepoint;sharepoint_tools_create_txt_file_in_sharepoint,gmail_tools_delete_google_email;gmail_tools_forward_google_email;gmail_tools_get_google_emails;gmail_tools_reply_google_email;gmail_tools_send_google_email;office_word_mcp_server_api_add_picture;office_word_mcp_server_api_convert_to_pdf;outlook_mail_management_compose_email;outlook_mail_management_find_email_address;outlook_mail_management_forward_email;outlook_mail_management_get_email_messages;outlook_mail_management_reply_to_email;outlook_mail_management_search_outlook_mail;outlook_mail_management_send_email;project_management_tools_export_sprint_to_sharepoint;sharepoint_tools_create_txt_file_in_sharepoint,,outlook_mail_management_send_email,,outlook_mail_management_find_email_address,,16,0.8688524590163934
conversation_001,octopus,1,Find the latest Nvidia news,github_mcp_server_search_repositories;web_search_tools_web_search,github_mcp_server_search_repositories;web_search_tools_web_search,,web_search_tools_web_search,,,,2,0.9836065573770492
conversation_001,octopus,2,Email it to Tom,gmail_tools_delete_google_email;gmail_tools_forward_google_email;gmail_tools_get_google_emails;gmail_tools_reply_google_email;gmail_tools_send_google_email;outlook_mail_management_compose_email;outlook_mail_management_find_email_address;outlook_mail_management_forward_email;outlook_mail_management_reply_to_email;outlook_mail_management_search_outlook_mail;outlook_mail_management_send_email,github_mcp_server_search_repositories;gmail_tools_delete_google_email;gmail_tools_forward_google_email;gmail_tools_get_google_emails;gmail_tools_reply_google_email;gmail_tools_send_google_email;outlook_mail_management_compose_email;outlook_mail_management_find_email_address;outlook_mail_management_forward_email;outlook_mail_management_reply_to_email;outlook_mail_management_search_outlook_mail;outlook_mail_management_send_email;web_search_tools_web_search,github_mcp_server_search_repositories;web_search_tools_web_search,outlook_mail_management_send_email,,outlook_mail_management_find_email_address,,13,0.8934426229508197
