split,method,category,task_count,turn_count,required_recall,complete_required_rate,supporting_recall,mean_exposed_tools_per_turn,median_exposed_tools_per_turn,p90_exposed_tools_per_turn,p95_exposed_tools_per_turn,max_exposed_tools_per_turn,mean_schema_tokens_per_turn,schema_token_reduction,mean_unique_tools_per_task
development,bounded_max_gap,all,30,36,0.875,0.8611111111111112,0.7222222222222222,5.805555555555555,4.0,16,17,23,1255.611111111111,0.9502057776367738,6.333333333333333
development,fixed_k_1,all,30,36,0.6111111111111112,0.5555555555555556,0.35185185185185186,1.3333333333333333,1.0,2,2,2,308,0.9877855329949239,1.4
development,fixed_k_16,all,30,36,0.9444444444444444,0.9444444444444444,0.9444444444444444,19.97222222222222,16.0,30,30,30,4254.75,0.8312678458121827,20.933333333333334
development,fixed_k_2,all,30,36,0.8055555555555556,0.75,0.4212962962962963,2.638888888888889,2.0,4,4,4,600.7222222222222,0.9761769423293852,2.7666666666666666
development,fixed_k_4,all,30,36,0.9027777777777778,0.8611111111111112,0.6435185185185185,5.194444444444445,4.0,8,8,8,1226.2222222222222,0.951371263395375,5.433333333333334
development,fixed_k_8,all,30,36,0.9444444444444444,0.9444444444444444,0.7916666666666666,10.305555555555555,8.0,16,16,16,2279.4444444444443,0.909603250141004,10.766666666666667
development,ranked_score_knee,all,30,36,0.875,0.8611111111111112,0.6712962962962963,10.555555555555555,9.5,18,22,30,2354.6388888888887,0.9066212369571348,11.4
development,relative_threshold_0.80,all,30,36,0.9444444444444444,0.9444444444444444,0.875,13.222222222222221,13.5,27,29,29,2855.222222222222,0.8867694232938522,13.7
held_out,bounded_max_gap,all,20,24,0.9583333333333334,0.9583333333333334,0.5833333333333334,2.9166666666666665,1.5,7,7,8,586.9583333333334,0.9767227818316413,2.85
held_out,fixed_k_1,all,20,24,0.8958333333333334,0.875,0.375,1.3333333333333333,1.0,2,2,2,262.75,0.9895800285532995,1.4
held_out,fixed_k_16,all,20,24,1.0,1,0.9166666666666666,18.5,16.0,25,27,30,3681.3333333333335,0.8540080372250423,19
held_out,fixed_k_2,all,20,24,0.9583333333333334,0.9583333333333334,0.6041666666666666,2.4583333333333335,2.0,4,4,4,509.6666666666667,0.9797879653130288,2.55
held_out,fixed_k_4,all,20,24,1.0,1,0.7916666666666666,4.708333333333333,4.0,6,6,8,960.9166666666666,0.9618925814297801,4.85
held_out,fixed_k_8,all,20,24,1.0,1,0.8333333333333334,9.333333333333334,8.0,12,14,15,1863.4166666666667,0.9261018136632826,9.6
held_out,ranked_score_knee,all,20,24,1.0,1,0.9166666666666666,15.083333333333334,16.0,20,23,27,2963,0.8824952411167513,15.6
held_out,relative_threshold_0.80,all,20,24,1.0,1,0.8125,8,7.0,15,16,18,1551,0.9384914340101522,8.35
