split,method,statistic,value
development,bounded_max_gap,mean,4.642857142857143
development,bounded_max_gap,median,4.0
development,bounded_max_gap,p90,11
development,bounded_max_gap,p95,14
development,bounded_max_gap,max,16
development,bounded_max_gap,k_1,11
development,bounded_max_gap,k_2,5
development,bounded_max_gap,k_3,2
development,bounded_max_gap,k_4,12
development,bounded_max_gap,k_5,3
development,bounded_max_gap,k_6,0
development,bounded_max_gap,k_7,2
development,bounded_max_gap,k_8,0
development,bounded_max_gap,k_9,0
development,bounded_max_gap,k_10,0
development,bounded_max_gap,k_11,3
development,bounded_max_gap,k_12,1
development,bounded_max_gap,k_13,0
development,bounded_max_gap,k_14,1
development,bounded_max_gap,k_15,0
development,bounded_max_gap,k_16,2
development,fixed_k_1,mean,1
development,fixed_k_1,median,1.0
development,fixed_k_1,p90,1
development,fixed_k_1,p95,1
development,fixed_k_1,max,1
development,fixed_k_1,k_1,42
development,fixed_k_1,k_2,0
development,fixed_k_1,k_3,0
development,fixed_k_1,k_4,0
development,fixed_k_1,k_5,0
development,fixed_k_1,k_6,0
development,fixed_k_1,k_7,0
development,fixed_k_1,k_8,0
development,fixed_k_1,k_9,0
development,fixed_k_1,k_10,0
development,fixed_k_1,k_11,0
development,fixed_k_1,k_12,0
development,fixed_k_1,k_13,0
development,fixed_k_1,k_14,0
development,fixed_k_1,k_15,0
development,fixed_k_1,k_16,0
development,fixed_k_16,mean,16
development,fixed_k_16,median,16.0
development,fixed_k_16,p90,16
development,fixed_k_16,p95,16
development,fixed_k_16,max,16
development,fixed_k_16,k_1,0
development,fixed_k_16,k_2,0
development,fixed_k_16,k_3,0
development,fixed_k_16,k_4,0
development,fixed_k_16,k_5,0
development,fixed_k_16,k_6,0
development,fixed_k_16,k_7,0
development,fixed_k_16,k_8,0
development,fixed_k_16,k_9,0
development,fixed_k_16,k_10,0
development,fixed_k_16,k_11,0
development,fixed_k_16,k_12,0
development,fixed_k_16,k_13,0
development,fixed_k_16,k_14,0
development,fixed_k_16,k_15,0
development,fixed_k_16,k_16,42
development,fixed_k_2,mean,2
development,fixed_k_2,median,2.0
development,fixed_k_2,p90,2
development,fixed_k_2,p95,2
development,fixed_k_2,max,2
development,fixed_k_2,k_1,0
development,fixed_k_2,k_2,42
development,fixed_k_2,k_3,0
development,fixed_k_2,k_4,0
development,fixed_k_2,k_5,0
development,fixed_k_2,k_6,0
development,fixed_k_2,k_7,0
development,fixed_k_2,k_8,0
development,fixed_k_2,k_9,0
development,fixed_k_2,k_10,0
development,fixed_k_2,k_11,0
development,fixed_k_2,k_12,0
development,fixed_k_2,k_13,0
development,fixed_k_2,k_14,0
development,fixed_k_2,k_15,0
development,fixed_k_2,k_16,0
development,fixed_k_4,mean,4
development,fixed_k_4,median,4.0
development,fixed_k_4,p90,4
development,fixed_k_4,p95,4
development,fixed_k_4,max,4
development,fixed_k_4,k_1,0
development,fixed_k_4,k_2,0
development,fixed_k_4,k_3,0
development,fixed_k_4,k_4,42
development,fixed_k_4,k_5,0
development,fixed_k_4,k_6,0
development,fixed_k_4,k_7,0
development,fixed_k_4,k_8,0
development,fixed_k_4,k_9,0
development,fixed_k_4,k_10,0
development,fixed_k_4,k_11,0
development,fixed_k_4,k_12,0
development,fixed_k_4,k_13,0
development,fixed_k_4,k_14,0
development,fixed_k_4,k_15,0
development,fixed_k_4,k_16,0
development,fixed_k_8,mean,8
development,fixed_k_8,median,8.0
development,fixed_k_8,p90,8
development,fixed_k_8,p95,8
development,fixed_k_8,max,8
development,fixed_k_8,k_1,0
development,fixed_k_8,k_2,0
development,fixed_k_8,k_3,0
development,fixed_k_8,k_4,0
development,fixed_k_8,k_5,0
development,fixed_k_8,k_6,0
development,fixed_k_8,k_7,0
development,fixed_k_8,k_8,42
development,fixed_k_8,k_9,0
development,fixed_k_8,k_10,0
development,fixed_k_8,k_11,0
development,fixed_k_8,k_12,0
development,fixed_k_8,k_13,0
development,fixed_k_8,k_14,0
development,fixed_k_8,k_15,0
development,fixed_k_8,k_16,0
development,ranked_score_knee,mean,8.523809523809524
development,ranked_score_knee,median,4.5
development,ranked_score_knee,p90,16
development,ranked_score_knee,p95,16
development,ranked_score_knee,max,16
development,ranked_score_knee,k_1,0
development,ranked_score_knee,k_2,11
development,ranked_score_knee,k_3,3
development,ranked_score_knee,k_4,7
development,ranked_score_knee,k_5,1
development,ranked_score_knee,k_6,0
development,ranked_score_knee,k_7,1
development,ranked_score_knee,k_8,0
development,ranked_score_knee,k_9,0
development,ranked_score_knee,k_10,1
development,ranked_score_knee,k_11,0
development,ranked_score_knee,k_12,1
development,ranked_score_knee,k_13,1
development,ranked_score_knee,k_14,1
development,ranked_score_knee,k_15,2
development,ranked_score_knee,k_16,13
development,relative_threshold_0.80,mean,10.30952380952381
development,relative_threshold_0.80,median,11.0
development,relative_threshold_0.80,p90,16
development,relative_threshold_0.80,p95,16
development,relative_threshold_0.80,max,16
development,relative_threshold_0.80,k_1,2
development,relative_threshold_0.80,k_2,0
development,relative_threshold_0.80,k_3,1
development,relative_threshold_0.80,k_4,5
development,relative_threshold_0.80,k_5,1
development,relative_threshold_0.80,k_6,3
development,relative_threshold_0.80,k_7,2
development,relative_threshold_0.80,k_8,1
development,relative_threshold_0.80,k_9,2
development,relative_threshold_0.80,k_10,2
development,relative_threshold_0.80,k_11,3
development,relative_threshold_0.80,k_12,2
development,relative_threshold_0.80,k_13,4
development,relative_threshold_0.80,k_14,4
development,relative_threshold_0.80,k_15,0
development,relative_threshold_0.80,k_16,10
held_out,bounded_max_gap,mean,2.142857142857143
held_out,bounded_max_gap,median,1.0
held_out,bounded_max_gap,p90,5
held_out,bounded_max_gap,p95,7
held_out,bounded_max_gap,max,7
held_out,bounded_max_gap,k_1,20
held_out,bounded_max_gap,k_2,1
held_out,bounded_max_gap,k_3,0
held_out,bounded_max_gap,k_4,2
held_out,bounded_max_gap,k_5,2
held_out,bounded_max_gap,k_6,1
held_out,bounded_max_gap,k_7,2
held_out,bounded_max_gap,k_8,0
held_out,bounded_max_gap,k_9,0
held_out,bounded_max_gap,k_10,0
held_out,bounded_max_gap,k_11,0
held_out,bounded_max_gap,k_12,0
held_out,bounded_max_gap,k_13,0
held_out,bounded_max_gap,k_14,0
held_out,bounded_max_gap,k_15,0
held_out,bounded_max_gap,k_16,0
held_out,fixed_k_1,mean,1
held_out,fixed_k_1,median,1.0
held_out,fixed_k_1,p90,1
held_out,fixed_k_1,p95,1
held_out,fixed_k_1,max,1
held_out,fixed_k_1,k_1,28
held_out,fixed_k_1,k_2,0
held_out,fixed_k_1,k_3,0
held_out,fixed_k_1,k_4,0
held_out,fixed_k_1,k_5,0
held_out,fixed_k_1,k_6,0
held_out,fixed_k_1,k_7,0
held_out,fixed_k_1,k_8,0
held_out,fixed_k_1,k_9,0
held_out,fixed_k_1,k_10,0
held_out,fixed_k_1,k_11,0
held_out,fixed_k_1,k_12,0
held_out,fixed_k_1,k_13,0
held_out,fixed_k_1,k_14,0
held_out,fixed_k_1,k_15,0
held_out,fixed_k_1,k_16,0
held_out,fixed_k_16,mean,16
held_out,fixed_k_16,median,16.0
held_out,fixed_k_16,p90,16
held_out,fixed_k_16,p95,16
held_out,fixed_k_16,max,16
held_out,fixed_k_16,k_1,0
held_out,fixed_k_16,k_2,0
held_out,fixed_k_16,k_3,0
held_out,fixed_k_16,k_4,0
held_out,fixed_k_16,k_5,0
held_out,fixed_k_16,k_6,0
held_out,fixed_k_16,k_7,0
held_out,fixed_k_16,k_8,0
held_out,fixed_k_16,k_9,0
held_out,fixed_k_16,k_10,0
held_out,fixed_k_16,k_11,0
held_out,fixed_k_16,k_12,0
held_out,fixed_k_16,k_13,0
held_out,fixed_k_16,k_14,0
held_out,fixed_k_16,k_15,0
held_out,fixed_k_16,k_16,28
held_out,fixed_k_2,mean,2
held_out,fixed_k_2,median,2.0
held_out,fixed_k_2,p90,2
held_out,fixed_k_2,p95,2
held_out,fixed_k_2,max,2
held_out,fixed_k_2,k_1,0
held_out,fixed_k_2,k_2,28
held_out,fixed_k_2,k_3,0
held_out,fixed_k_2,k_4,0
held_out,fixed_k_2,k_5,0
held_out,fixed_k_2,k_6,0
held_out,fixed_k_2,k_7,0
held_out,fixed_k_2,k_8,0
held_out,fixed_k_2,k_9,0
held_out,fixed_k_2,k_10,0
held_out,fixed_k_2,k_11,0
held_out,fixed_k_2,k_12,0
held_out,fixed_k_2,k_13,0
held_out,fixed_k_2,k_14,0
held_out,fixed_k_2,k_15,0
held_out,fixed_k_2,k_16,0
held_out,fixed_k_4,mean,4
held_out,fixed_k_4,median,4.0
held_out,fixed_k_4,p90,4
held_out,fixed_k_4,p95,4
held_out,fixed_k_4,max,4
held_out,fixed_k_4,k_1,0
held_out,fixed_k_4,k_2,0
held_out,fixed_k_4,k_3,0
held_out,fixed_k_4,k_4,28
held_out,fixed_k_4,k_5,0
held_out,fixed_k_4,k_6,0
held_out,fixed_k_4,k_7,0
held_out,fixed_k_4,k_8,0
held_out,fixed_k_4,k_9,0
held_out,fixed_k_4,k_10,0
held_out,fixed_k_4,k_11,0
held_out,fixed_k_4,k_12,0
held_out,fixed_k_4,k_13,0
held_out,fixed_k_4,k_14,0
held_out,fixed_k_4,k_15,0
held_out,fixed_k_4,k_16,0
held_out,fixed_k_8,mean,8
held_out,fixed_k_8,median,8.0
held_out,fixed_k_8,p90,8
held_out,fixed_k_8,p95,8
held_out,fixed_k_8,max,8
held_out,fixed_k_8,k_1,0
held_out,fixed_k_8,k_2,0
held_out,fixed_k_8,k_3,0
held_out,fixed_k_8,k_4,0
held_out,fixed_k_8,k_5,0
held_out,fixed_k_8,k_6,0
held_out,fixed_k_8,k_7,0
held_out,fixed_k_8,k_8,28
held_out,fixed_k_8,k_9,0
held_out,fixed_k_8,k_10,0
held_out,fixed_k_8,k_11,0
held_out,fixed_k_8,k_12,0
held_out,fixed_k_8,k_13,0
held_out,fixed_k_8,k_14,0
held_out,fixed_k_8,k_15,0
held_out,fixed_k_8,k_16,0
held_out,ranked_score_knee,mean,12.821428571428571
held_out,ranked_score_knee,median,16.0
held_out,ranked_score_knee,p90,16
held_out,ranked_score_knee,p95,16
held_out,ranked_score_knee,max,16
held_out,ranked_score_knee,k_1,0
held_out,ranked_score_knee,k_2,1
held_out,ranked_score_knee,k_3,2
held_out,ranked_score_knee,k_4,1
held_out,ranked_score_knee,k_5,1
held_out,ranked_score_knee,k_6,1
held_out,ranked_score_knee,k_7,1
held_out,ranked_score_knee,k_8,0
held_out,ranked_score_knee,k_9,0
held_out,ranked_score_knee,k_10,0
held_out,ranked_score_knee,k_11,0
held_out,ranked_score_knee,k_12,0
held_out,ranked_score_knee,k_13,1
held_out,ranked_score_knee,k_14,2
held_out,ranked_score_knee,k_15,0
held_out,ranked_score_knee,k_16,18
held_out,relative_threshold_0.80,mean,6.642857142857143
held_out,relative_threshold_0.80,median,5.5
held_out,relative_threshold_0.80,p90,12
held_out,relative_threshold_0.80,p95,14
held_out,relative_threshold_0.80,max,15
held_out,relative_threshold_0.80,k_1,3
held_out,relative_threshold_0.80,k_2,4
held_out,relative_threshold_0.80,k_3,1
held_out,relative_threshold_0.80,k_4,1
held_out,relative_threshold_0.80,k_5,5
held_out,relative_threshold_0.80,k_6,1
held_out,relative_threshold_0.80,k_7,3
held_out,relative_threshold_0.80,k_8,1
held_out,relative_threshold_0.80,k_9,1
held_out,relative_threshold_0.80,k_10,2
held_out,relative_threshold_0.80,k_11,0
held_out,relative_threshold_0.80,k_12,3
held_out,relative_threshold_0.80,k_13,0
held_out,relative_threshold_0.80,k_14,2
held_out,relative_threshold_0.80,k_15,1
held_out,relative_threshold_0.80,k_16,0
