split,method,task_id,category,tool_role,query,detected_intents,required_tool,dense_rank,dense_score,selected_cutoff,intent_cutoffs,scores_around_cutoff,reason
development,ranked_score_knee,family_001,capability_family,supporting,Create a Word report,Create a Word report,office_word_mcp_server_api_add_paragraph,4,0.640625,2,"[{""cutoff"": 2, ""intent"": ""Create a Word report""}]","[{""name"": ""office_word_mcp_server_api_add_table"", ""rank"": 1, ""score"": 0.66015625}, {""name"": ""office_word_mcp_server_api_create_word_document"", ""rank"": 2, ""score"": 0.66015625}, {""name"": ""office_word_mcp_server_api_add_heading"", ""rank"": 3, ""score"": 0.64453125}, {""name"": ""office_word_mcp_server_api_add_paragraph"", ""rank"": 4, ""score"": 0.640625}]",selection_failure
development,ranked_score_knee,family_001,capability_family,supporting,Create a Word report,Create a Word report,office_word_mcp_server_api_add_heading,3,0.64453125,2,"[{""cutoff"": 2, ""intent"": ""Create a Word report""}]","[{""name"": ""office_word_mcp_server_api_add_table"", ""rank"": 1, ""score"": 0.66015625}, {""name"": ""office_word_mcp_server_api_create_word_document"", ""rank"": 2, ""score"": 0.66015625}, {""name"": ""office_word_mcp_server_api_add_heading"", ""rank"": 3, ""score"": 0.64453125}, {""name"": ""office_word_mcp_server_api_add_paragraph"", ""rank"": 4, ""score"": 0.640625}]",selection_failure
development,ranked_score_knee,family_002,capability_family,supporting,Send an email to Tom,Send an email to Tom,outlook_mail_management_find_email_address,10,0.578125,3,"[{""cutoff"": 3, ""intent"": ""Send an email to Tom""}]","[{""name"": ""outlook_mail_management_compose_email"", ""rank"": 2, ""score"": 0.6796875}, {""name"": ""outlook_mail_management_send_email"", ""rank"": 3, ""score"": 0.67578125}, {""name"": ""outlook_mail_management_reply_to_email"", ""rank"": 4, ""score"": 0.65234375}, {""name"": ""gmail_tools_reply_google_email"", ""rank"": 5, ""score"": 0.640625}]",selection_failure
development,bounded_max_gap,family_003,capability_family,supporting,Create a GitHub pull request,Create a GitHub pull request,github_mcp_server_get_file_contents,15,0.55859375,2,"[{""cutoff"": 2, ""intent"": ""Create a GitHub pull request""}]","[{""name"": ""github_mcp_server_create_pull_request"", ""rank"": 1, ""score"": 0.85546875}, {""name"": ""github_mcp_server_update_pull_request"", ""rank"": 2, ""score"": 0.80078125}, {""name"": ""github_mcp_server_merge_pull_request"", ""rank"": 3, ""score"": 0.7421875}, {""name"": ""github_mcp_server_create_branch"", ""rank"": 4, ""score"": 0.73046875}]",selection_failure
development,bounded_max_gap,family_003,capability_family,supporting,Create a GitHub pull request,Create a GitHub pull request,github_mcp_server_list_branches,11,0.58984375,2,"[{""cutoff"": 2, ""intent"": ""Create a GitHub pull request""}]","[{""name"": ""github_mcp_server_create_pull_request"", ""rank"": 1, ""score"": 0.85546875}, {""name"": ""github_mcp_server_update_pull_request"", ""rank"": 2, ""score"": 0.80078125}, {""name"": ""github_mcp_server_merge_pull_request"", ""rank"": 3, ""score"": 0.7421875}, {""name"": ""github_mcp_server_create_branch"", ""rank"": 4, ""score"": 0.73046875}]",selection_failure
development,relative_threshold_0.80,family_003,capability_family,supporting,Create a GitHub pull request,Create a GitHub pull request,github_mcp_server_get_file_contents,15,0.55859375,6,"[{""cutoff"": 6, ""intent"": ""Create a GitHub pull request""}]","[{""name"": ""github_mcp_server_create_repository"", ""rank"": 5, ""score"": 0.7265625}, {""name"": ""github_mcp_server_pull_request_read"", ""rank"": 6, ""score"": 0.69921875}, {""name"": ""github_mcp_server_list_pull_requests"", ""rank"": 7, ""score"": 0.67578125}, {""name"": ""github_mcp_server_create_or_update_file"", ""rank"": 8, ""score"": 0.6484375}]",selection_failure
development,relative_threshold_0.80,family_003,capability_family,supporting,Create a GitHub pull request,Create a GitHub pull request,github_mcp_server_list_branches,11,0.58984375,6,"[{""cutoff"": 6, ""intent"": ""Create a GitHub pull request""}]","[{""name"": ""github_mcp_server_create_repository"", ""rank"": 5, ""score"": 0.7265625}, {""name"": ""github_mcp_server_pull_request_read"", ""rank"": 6, ""score"": 0.69921875}, {""name"": ""github_mcp_server_list_pull_requests"", ""rank"": 7, ""score"": 0.67578125}, {""name"": ""github_mcp_server_create_or_update_file"", ""rank"": 8, ""score"": 0.6484375}]",selection_failure
development,ranked_score_knee,family_004,capability_family,supporting,Submit a leave application,Submit a leave application,carrot_mcp_server_api_list_leave_application,4,0.765625,2,"[{""cutoff"": 2, ""intent"": ""Submit a leave application""}]","[{""name"": ""carrot_mcp_server_api_submit_leave_application"", ""rank"": 1, ""score"": 0.89453125}, {""name"": ""carrot_mcp_server_api_create_leave_application"", ""rank"": 2, ""score"": 0.875}, {""name"": ""carrot_mcp_server_api_update_leave_application"", ""rank"": 3, ""score"": 0.84375}, {""name"": ""carrot_mcp_server_api_list_leave_application"", ""rank"": 4, ""score"": 0.765625}]",selection_failure
development,bounded_max_gap,family_005,capability_family,supporting,Update a project work item,Update a project work item,project_management_tools_get_work_item,8,0.6484375,1,"[{""cutoff"": 1, ""intent"": ""Update a project work item""}]","[{""name"": ""project_management_tools_update_work_item"", ""rank"": 1, ""score"": 0.8046875}, {""name"": ""project_management_tools_assign_work_item"", ""rank"": 2, ""score"": 0.72265625}, {""name"": ""project_management_tools_update_task_status"", ""rank"": 3, ""score"": 0.7109375}]",selection_failure
development,bounded_max_gap,family_005,capability_family,supporting,Update a project work item,Update a project work item,project_management_tools_list_work_items,10,0.61328125,1,"[{""cutoff"": 1, ""intent"": ""Update a project work item""}]","[{""name"": ""project_management_tools_update_work_item"", ""rank"": 1, ""score"": 0.8046875}, {""name"": ""project_management_tools_assign_work_item"", ""rank"": 2, ""score"": 0.72265625}, {""name"": ""project_management_tools_update_task_status"", ""rank"": 3, ""score"": 0.7109375}]",selection_failure
development,relative_threshold_0.80,family_005,capability_family,supporting,Update a project work item,Update a project work item,project_management_tools_list_work_items,10,0.61328125,8,"[{""cutoff"": 8, ""intent"": ""Update a project work item""}]","[{""name"": ""project_management_tools_delete_work_item"", ""rank"": 7, ""score"": 0.65234375}, {""name"": ""project_management_tools_get_work_item"", ""rank"": 8, ""score"": 0.6484375}, {""name"": ""supabase_mcp_update_database_table_data"", ""rank"": 9, ""score"": 0.63671875}, {""name"": ""project_management_tools_list_work_items"", ""rank"": 10, ""score"": 0.61328125}]",selection_failure
development,bounded_max_gap,family_006,capability_family,supporting,Restart a Railway service,Restart a Railway service,railway_tools_service_info,7,0.66796875,1,"[{""cutoff"": 1, ""intent"": ""Restart a Railway service""}]","[{""name"": ""railway_tools_service_restart"", ""rank"": 1, ""score"": 0.78125}, {""name"": ""railway_tools_project_delete"", ""rank"": 2, ""score"": 0.703125}, {""name"": ""railway_tools_service_delete"", ""rank"": 3, ""score"": 0.6875}]",selection_failure
development,bounded_max_gap,family_006,capability_family,supporting,Restart a Railway service,Restart a Railway service,railway_tools_service_list,5,0.6796875,1,"[{""cutoff"": 1, ""intent"": ""Restart a Railway service""}]","[{""name"": ""railway_tools_service_restart"", ""rank"": 1, ""score"": 0.78125}, {""name"": ""railway_tools_project_delete"", ""rank"": 2, ""score"": 0.703125}, {""name"": ""railway_tools_service_delete"", ""rank"": 3, ""score"": 0.6875}]",selection_failure
development,ranked_score_knee,compound_001,compound,supporting,Find the latest Nvidia news and email a summary to Tom,Find the latest Nvidia news;email a summary to Tom,outlook_mail_management_find_email_address,8,0.62109375,7,"[{""cutoff"": 2, ""intent"": ""Find the latest Nvidia news""}, {""cutoff"": 7, ""intent"": ""email a summary to Tom""}]","[{""name"": ""gmail_tools_get_google_emails"", ""rank"": 6, ""score"": 0.6484375}, {""name"": ""gmail_tools_forward_google_email"", ""rank"": 7, ""score"": 0.640625}, {""name"": ""outlook_mail_management_find_email_address"", ""rank"": 8, ""score"": 0.62109375}, {""name"": ""gmail_tools_delete_google_email"", ""rank"": 9, ""score"": 0.6171875}]",selection_failure
development,bounded_max_gap,compound_004,compound,required,Check my leave balance and email my manager,Check my leave balance;email my manager,outlook_mail_management_send_email,6,0.60546875,5,"[{""cutoff"": 5, ""intent"": ""Check my leave balance""}, {""cutoff"": 5, ""intent"": ""email my manager""}]","[{""name"": ""gmail_tools_get_google_emails"", ""rank"": 4, ""score"": 0.62890625}, {""name"": ""gmail_tools_reply_google_email"", ""rank"": 5, ""score"": 0.625}, {""name"": ""outlook_mail_management_send_email"", ""rank"": 6, ""score"": 0.60546875}, {""name"": ""gmail_tools_delete_google_email"", ""rank"": 7, ""score"": 0.59375}]",selection_failure
development,bounded_max_gap,compound_004,compound,supporting,Check my leave balance and email my manager,Check my leave balance;email my manager,outlook_mail_management_find_email_address,9,0.5859375,5,"[{""cutoff"": 5, ""intent"": ""Check my leave balance""}, {""cutoff"": 5, ""intent"": ""email my manager""}]","[{""name"": ""gmail_tools_get_google_emails"", ""rank"": 4, ""score"": 0.62890625}, {""name"": ""gmail_tools_reply_google_email"", ""rank"": 5, ""score"": 0.625}, {""name"": ""outlook_mail_management_send_email"", ""rank"": 6, ""score"": 0.60546875}, {""name"": ""gmail_tools_delete_google_email"", ""rank"": 7, ""score"": 0.59375}]",selection_failure
development,ranked_score_knee,compound_004,compound,required,Check my leave balance and email my manager,Check my leave balance;email my manager,outlook_mail_management_send_email,6,0.60546875,5,"[{""cutoff"": 4, ""intent"": ""Check my leave balance""}, {""cutoff"": 5, ""intent"": ""email my manager""}]","[{""name"": ""gmail_tools_get_google_emails"", ""rank"": 4, ""score"": 0.62890625}, {""name"": ""gmail_tools_reply_google_email"", ""rank"": 5, ""score"": 0.625}, {""name"": ""outlook_mail_management_send_email"", ""rank"": 6, ""score"": 0.60546875}, {""name"": ""gmail_tools_delete_google_email"", ""rank"": 7, ""score"": 0.59375}]",selection_failure
development,ranked_score_knee,compound_004,compound,supporting,Check my leave balance and email my manager,Check my leave balance;email my manager,outlook_mail_management_find_email_address,9,0.5859375,5,"[{""cutoff"": 4, ""intent"": ""Check my leave balance""}, {""cutoff"": 5, ""intent"": ""email my manager""}]","[{""name"": ""gmail_tools_get_google_emails"", ""rank"": 4, ""score"": 0.62890625}, {""name"": ""gmail_tools_reply_google_email"", ""rank"": 5, ""score"": 0.625}, {""name"": ""outlook_mail_management_send_email"", ""rank"": 6, ""score"": 0.60546875}, {""name"": ""gmail_tools_delete_google_email"", ""rank"": 7, ""score"": 0.59375}]",selection_failure
development,ranked_score_knee,compound_005,compound,supporting,List my files and send a file summary by email,List my files;send a file summary by email,quest_studio_file_storage_get_file_content,3,0.625,2,"[{""cutoff"": 2, ""intent"": ""List my files""}, {""cutoff"": 16, ""intent"": ""send a file summary by email""}]","[{""name"": ""quest_studio_file_storage_query_files"", ""rank"": 1, ""score"": 0.640625}, {""name"": ""quest_studio_file_storage_get_files"", ""rank"": 2, ""score"": 0.640625}, {""name"": ""quest_studio_file_storage_get_file_content"", ""rank"": 3, ""score"": 0.625}, {""name"": ""office_word_mcp_server_api_list_files"", ""rank"": 4, ""score"": 0.609375}]",selection_failure
development,ranked_score_knee,compound_006,compound,supporting,List Railway projects and check a service status,List Railway projects;check a service status,railway_tools_service_list,3,0.8828125,2,"[{""cutoff"": 2, ""intent"": ""List Railway projects""}, {""cutoff"": 4, ""intent"": ""check a service status""}]","[{""name"": ""railway_tools_project_list"", ""rank"": 1, ""score"": 0.91015625}, {""name"": ""railway_tools_project_info"", ""rank"": 2, ""score"": 0.90234375}, {""name"": ""railway_tools_service_list"", ""rank"": 3, ""score"": 0.8828125}, {""name"": ""railway_tools_project_delete"", ""rank"": 4, ""score"": 0.859375}]",selection_failure
development,bounded_max_gap,dependency_001,hidden_dependency,required,Email Tom the sprint report,Email Tom the sprint report,outlook_mail_management_send_email,87,0.58984375,3,"[{""cutoff"": 3, ""intent"": ""Email Tom the sprint report""}]","[{""name"": ""project_management_tools_list_sprints"", ""rank"": 2, ""score"": 0.75}, {""name"": ""project_management_tools_get_sprint"", ""rank"": 3, ""score"": 0.7421875}, {""name"": ""project_management_tools_get_user_capacity"", ""rank"": 4, ""score"": 0.71484375}, {""name"": ""project_management_tools_create_sprint"", ""rank"": 5, ""score"": 0.71484375}]",ranking_failure
development,bounded_max_gap,dependency_001,hidden_dependency,supporting,Email Tom the sprint report,Email Tom the sprint report,outlook_mail_management_find_email_address,59,0.61328125,3,"[{""cutoff"": 3, ""intent"": ""Email Tom the sprint report""}]","[{""name"": ""project_management_tools_list_sprints"", ""rank"": 2, ""score"": 0.75}, {""name"": ""project_management_tools_get_sprint"", ""rank"": 3, ""score"": 0.7421875}, {""name"": ""project_management_tools_get_user_capacity"", ""rank"": 4, ""score"": 0.71484375}, {""name"": ""project_management_tools_create_sprint"", ""rank"": 5, ""score"": 0.71484375}]",ranking_failure
development,ranked_score_knee,dependency_001,hidden_dependency,required,Email Tom the sprint report,Email Tom the sprint report,outlook_mail_management_send_email,87,0.58984375,2,"[{""cutoff"": 2, ""intent"": ""Email Tom the sprint report""}]","[{""name"": ""project_management_tools_export_sprint_to_sharepoint"", ""rank"": 1, ""score"": 0.7578125}, {""name"": ""project_management_tools_list_sprints"", ""rank"": 2, ""score"": 0.75}, {""name"": ""project_management_tools_get_sprint"", ""rank"": 3, ""score"": 0.7421875}, {""name"": ""project_management_tools_get_user_capacity"", ""rank"": 4, ""score"": 0.71484375}]",ranking_failure
development,ranked_score_knee,dependency_001,hidden_dependency,supporting,Email Tom the sprint report,Email Tom the sprint report,outlook_mail_management_find_email_address,59,0.61328125,2,"[{""cutoff"": 2, ""intent"": ""Email Tom the sprint report""}]","[{""name"": ""project_management_tools_export_sprint_to_sharepoint"", ""rank"": 1, ""score"": 0.7578125}, {""name"": ""project_management_tools_list_sprints"", ""rank"": 2, ""score"": 0.75}, {""name"": ""project_management_tools_get_sprint"", ""rank"": 3, ""score"": 0.7421875}, {""name"": ""project_management_tools_get_user_capacity"", ""rank"": 4, ""score"": 0.71484375}]",ranking_failure
development,relative_threshold_0.80,dependency_001,hidden_dependency,required,Email Tom the sprint report,Email Tom the sprint report,outlook_mail_management_send_email,87,0.58984375,16,"[{""cutoff"": 16, ""intent"": ""Email Tom the sprint report""}]","[{""name"": ""project_management_tools_update_user_capacity"", ""rank"": 15, ""score"": 0.66015625}, {""name"": ""carrot_mcp_server_api_work_hours_summary"", ""rank"": 16, ""score"": 0.66015625}, {""name"": ""gmail_tools_forward_google_email"", ""rank"": 17, ""score"": 0.66015625}, {""name"": ""railway_tools_service_list"", ""rank"": 18, ""score"": 0.65625}]",ranking_failure
development,relative_threshold_0.80,dependency_001,hidden_dependency,supporting,Email Tom the sprint report,Email Tom the sprint report,outlook_mail_management_find_email_address,59,0.61328125,16,"[{""cutoff"": 16, ""intent"": ""Email Tom the sprint report""}]","[{""name"": ""project_management_tools_update_user_capacity"", ""rank"": 15, ""score"": 0.66015625}, {""name"": ""carrot_mcp_server_api_work_hours_summary"", ""rank"": 16, ""score"": 0.66015625}, {""name"": ""gmail_tools_forward_google_email"", ""rank"": 17, ""score"": 0.66015625}, {""name"": ""railway_tools_service_list"", ""rank"": 18, ""score"": 0.65625}]",ranking_failure
development,ranked_score_knee,dependency_002,hidden_dependency,supporting,Create a polished Word report about the project,Create a polished Word report about the project,office_word_mcp_server_api_add_paragraph,3,0.6015625,2,"[{""cutoff"": 2, ""intent"": ""Create a polished Word report about the project""}]","[{""name"": ""office_word_mcp_server_api_add_heading"", ""rank"": 1, ""score"": 0.6171875}, {""name"": ""office_word_mcp_server_api_create_word_document"", ""rank"": 2, ""score"": 0.61328125}, {""name"": ""office_word_mcp_server_api_add_paragraph"", ""rank"": 3, ""score"": 0.6015625}, {""name"": ""office_word_mcp_server_api_get_document_outline"", ""rank"": 4, ""score"": 0.58984375}]",selection_failure
development,ranked_score_knee,dependency_002,hidden_dependency,supporting,Create a polished Word report about the project,Create a polished Word report about the project,office_word_mcp_server_api_add_table,5,0.58984375,2,"[{""cutoff"": 2, ""intent"": ""Create a polished Word report about the project""}]","[{""name"": ""office_word_mcp_server_api_add_heading"", ""rank"": 1, ""score"": 0.6171875}, {""name"": ""office_word_mcp_server_api_create_word_document"", ""rank"": 2, ""score"": 0.61328125}, {""name"": ""office_word_mcp_server_api_add_paragraph"", ""rank"": 3, ""score"": 0.6015625}, {""name"": ""office_word_mcp_server_api_get_document_outline"", ""rank"": 4, ""score"": 0.58984375}]",selection_failure
development,bounded_max_gap,dependency_003,hidden_dependency,supporting,Open a pull request for the completed feature,Open a pull request for the completed feature,github_mcp_server_get_file_contents,16,0.4765625,2,"[{""cutoff"": 2, ""intent"": ""Open a pull request for the completed feature""}]","[{""name"": ""github_mcp_server_create_pull_request"", ""rank"": 1, ""score"": 0.72265625}, {""name"": ""github_mcp_server_update_pull_request"", ""rank"": 2, ""score"": 0.7109375}, {""name"": ""github_mcp_server_pull_request_read"", ""rank"": 3, ""score"": 0.6484375}, {""name"": ""github_mcp_server_merge_pull_request"", ""rank"": 4, ""score"": 0.64453125}]",selection_failure
development,bounded_max_gap,dependency_003,hidden_dependency,supporting,Open a pull request for the completed feature,Open a pull request for the completed feature,github_mcp_server_list_branches,12,0.51171875,2,"[{""cutoff"": 2, ""intent"": ""Open a pull request for the completed feature""}]","[{""name"": ""github_mcp_server_create_pull_request"", ""rank"": 1, ""score"": 0.72265625}, {""name"": ""github_mcp_server_update_pull_request"", ""rank"": 2, ""score"": 0.7109375}, {""name"": ""github_mcp_server_pull_request_read"", ""rank"": 3, ""score"": 0.6484375}, {""name"": ""github_mcp_server_merge_pull_request"", ""rank"": 4, ""score"": 0.64453125}]",selection_failure
development,ranked_score_knee,dependency_003,hidden_dependency,supporting,Open a pull request for the completed feature,Open a pull request for the completed feature,github_mcp_server_get_file_contents,16,0.4765625,2,"[{""cutoff"": 2, ""intent"": ""Open a pull request for the completed feature""}]","[{""name"": ""github_mcp_server_create_pull_request"", ""rank"": 1, ""score"": 0.72265625}, {""name"": ""github_mcp_server_update_pull_request"", ""rank"": 2, ""score"": 0.7109375}, {""name"": ""github_mcp_server_pull_request_read"", ""rank"": 3, ""score"": 0.6484375}, {""name"": ""github_mcp_server_merge_pull_request"", ""rank"": 4, ""score"": 0.64453125}]",selection_failure
development,ranked_score_knee,dependency_003,hidden_dependency,supporting,Open a pull request for the completed feature,Open a pull request for the completed feature,github_mcp_server_list_branches,12,0.51171875,2,"[{""cutoff"": 2, ""intent"": ""Open a pull request for the completed feature""}]","[{""name"": ""github_mcp_server_create_pull_request"", ""rank"": 1, ""score"": 0.72265625}, {""name"": ""github_mcp_server_update_pull_request"", ""rank"": 2, ""score"": 0.7109375}, {""name"": ""github_mcp_server_pull_request_read"", ""rank"": 3, ""score"": 0.6484375}, {""name"": ""github_mcp_server_merge_pull_request"", ""rank"": 4, ""score"": 0.64453125}]",selection_failure
development,relative_threshold_0.80,dependency_003,hidden_dependency,supporting,Open a pull request for the completed feature,Open a pull request for the completed feature,github_mcp_server_get_file_contents,16,0.4765625,6,"[{""cutoff"": 6, ""intent"": ""Open a pull request for the completed feature""}]","[{""name"": ""github_mcp_server_list_pull_requests"", ""rank"": 5, ""score"": 0.62109375}, {""name"": ""github_mcp_server_create_branch"", ""rank"": 6, ""score"": 0.578125}, {""name"": ""github_mcp_server_get_commit"", ""rank"": 7, ""score"": 0.5546875}, {""name"": ""github_mcp_server_push_files"", ""rank"": 8, ""score"": 0.55078125}]",selection_failure
development,relative_threshold_0.80,dependency_003,hidden_dependency,supporting,Open a pull request for the completed feature,Open a pull request for the completed feature,github_mcp_server_list_branches,12,0.51171875,6,"[{""cutoff"": 6, ""intent"": ""Open a pull request for the completed feature""}]","[{""name"": ""github_mcp_server_list_pull_requests"", ""rank"": 5, ""score"": 0.62109375}, {""name"": ""github_mcp_server_create_branch"", ""rank"": 6, ""score"": 0.578125}, {""name"": ""github_mcp_server_get_commit"", ""rank"": 7, ""score"": 0.5546875}, {""name"": ""github_mcp_server_push_files"", ""rank"": 8, ""score"": 0.55078125}]",selection_failure
development,ranked_score_knee,dependency_004,hidden_dependency,supporting,Submit my annual leave request,Submit my annual leave request,carrot_mcp_server_api_list_leave_application,4,0.70703125,3,"[{""cutoff"": 3, ""intent"": ""Submit my annual leave request""}]","[{""name"": ""carrot_mcp_server_api_create_leave_application"", ""rank"": 2, ""score"": 0.80078125}, {""name"": ""carrot_mcp_server_api_update_leave_application"", ""rank"": 3, ""score"": 0.78125}, {""name"": ""carrot_mcp_server_api_list_leave_application"", ""rank"": 4, ""score"": 0.70703125}, {""name"": ""carrot_mcp_server_api_hr_dashboard_summary"", ""rank"": 5, ""score"": 0.62890625}]",selection_failure
development,bounded_max_gap,dependency_005,hidden_dependency,supporting,Update the login bug work item,Update the login bug work item,project_management_tools_get_work_item,8,0.52734375,4,"[{""cutoff"": 4, ""intent"": ""Update the login bug work item""}]","[{""name"": ""project_management_tools_assign_work_item"", ""rank"": 3, ""score"": 0.61328125}, {""name"": ""carrot_mcp_server_api_log_hours_entry"", ""rank"": 4, ""score"": 0.59765625}, {""name"": ""carrot_mcp_server_api_update_employee"", ""rank"": 5, ""score"": 0.5546875}, {""name"": ""project_management_tools_create_work_item"", ""rank"": 6, ""score"": 0.55078125}]",selection_failure
development,bounded_max_gap,dependency_005,hidden_dependency,supporting,Update the login bug work item,Update the login bug work item,project_management_tools_list_work_items,10,0.5234375,4,"[{""cutoff"": 4, ""intent"": ""Update the login bug work item""}]","[{""name"": ""project_management_tools_assign_work_item"", ""rank"": 3, ""score"": 0.61328125}, {""name"": ""carrot_mcp_server_api_log_hours_entry"", ""rank"": 4, ""score"": 0.59765625}, {""name"": ""carrot_mcp_server_api_update_employee"", ""rank"": 5, ""score"": 0.5546875}, {""name"": ""project_management_tools_create_work_item"", ""rank"": 6, ""score"": 0.55078125}]",selection_failure
development,bounded_max_gap,dependency_006,hidden_dependency,supporting,Deploy the application from its repository,Deploy the application from its repository,railway_tools_service_list,27,0.4375,1,"[{""cutoff"": 1, ""intent"": ""Deploy the application from its repository""}]","[{""name"": ""railway_tools_service_create_from_repo"", ""rank"": 1, ""score"": 0.6640625}, {""name"": ""railway_tools_service_create_from_image"", ""rank"": 2, ""score"": 0.5859375}, {""name"": ""railway_tools_project_create"", ""rank"": 3, ""score"": 0.5859375}]",ranking_failure
development,bounded_max_gap,dependency_006,hidden_dependency,supporting,Deploy the application from its repository,Deploy the application from its repository,railway_tools_project_list,56,0.380859375,1,"[{""cutoff"": 1, ""intent"": ""Deploy the application from its repository""}]","[{""name"": ""railway_tools_service_create_from_repo"", ""rank"": 1, ""score"": 0.6640625}, {""name"": ""railway_tools_service_create_from_image"", ""rank"": 2, ""score"": 0.5859375}, {""name"": ""railway_tools_project_create"", ""rank"": 3, ""score"": 0.5859375}]",ranking_failure
development,ranked_score_knee,dependency_006,hidden_dependency,supporting,Deploy the application from its repository,Deploy the application from its repository,railway_tools_service_list,27,0.4375,16,"[{""cutoff"": 16, ""intent"": ""Deploy the application from its repository""}]","[{""name"": ""railway_tools_database_list_types"", ""rank"": 15, ""score"": 0.474609375}, {""name"": ""github_mcp_server_get_file_contents"", ""rank"": 16, ""score"": 0.470703125}, {""name"": ""github_mcp_server_update_pull_request"", ""rank"": 17, ""score"": 0.46875}, {""name"": ""project_management_tools_create_project"", ""rank"": 18, ""score"": 0.46875}]",ranking_failure
development,ranked_score_knee,dependency_006,hidden_dependency,supporting,Deploy the application from its repository,Deploy the application from its repository,railway_tools_project_list,56,0.380859375,16,"[{""cutoff"": 16, ""intent"": ""Deploy the application from its repository""}]","[{""name"": ""railway_tools_database_list_types"", ""rank"": 15, ""score"": 0.474609375}, {""name"": ""github_mcp_server_get_file_contents"", ""rank"": 16, ""score"": 0.470703125}, {""name"": ""github_mcp_server_update_pull_request"", ""rank"": 17, ""score"": 0.46875}, {""name"": ""project_management_tools_create_project"", ""rank"": 18, ""score"": 0.46875}]",ranking_failure
development,relative_threshold_0.80,dependency_006,hidden_dependency,supporting,Deploy the application from its repository,Deploy the application from its repository,railway_tools_service_list,27,0.4375,5,"[{""cutoff"": 5, ""intent"": ""Deploy the application from its repository""}]","[{""name"": ""github_mcp_server_create_repository"", ""rank"": 4, ""score"": 0.55078125}, {""name"": ""github_mcp_server_push_files"", ""rank"": 5, ""score"": 0.54296875}, {""name"": ""railway_tools_service_restart"", ""rank"": 6, ""score"": 0.52734375}, {""name"": ""github_mcp_server_create_pull_request"", ""rank"": 7, ""score"": 0.50390625}]",ranking_failure
development,relative_threshold_0.80,dependency_006,hidden_dependency,supporting,Deploy the application from its repository,Deploy the application from its repository,railway_tools_project_list,56,0.380859375,5,"[{""cutoff"": 5, ""intent"": ""Deploy the application from its repository""}]","[{""name"": ""github_mcp_server_create_repository"", ""rank"": 4, ""score"": 0.55078125}, {""name"": ""github_mcp_server_push_files"", ""rank"": 5, ""score"": 0.54296875}, {""name"": ""railway_tools_service_restart"", ""rank"": 6, ""score"": 0.52734375}, {""name"": ""github_mcp_server_create_pull_request"", ""rank"": 7, ""score"": 0.50390625}]",ranking_failure
development,ranked_score_knee,conversation_001,multi_turn,required,Email it to Tom,Email it to Tom,outlook_mail_management_send_email,3,0.6796875,2,"[{""cutoff"": 2, ""intent"": ""Email it to Tom""}]","[{""name"": ""outlook_mail_management_compose_email"", ""rank"": 1, ""score"": 0.69921875}, {""name"": ""gmail_tools_send_google_email"", ""rank"": 2, ""score"": 0.69921875}, {""name"": ""outlook_mail_management_send_email"", ""rank"": 3, ""score"": 0.6796875}, {""name"": ""outlook_mail_management_reply_to_email"", ""rank"": 4, ""score"": 0.671875}]",selection_failure
development,ranked_score_knee,conversation_001,multi_turn,supporting,Email it to Tom,Email it to Tom,outlook_mail_management_find_email_address,11,0.57421875,2,"[{""cutoff"": 2, ""intent"": ""Email it to Tom""}]","[{""name"": ""outlook_mail_management_compose_email"", ""rank"": 1, ""score"": 0.69921875}, {""name"": ""gmail_tools_send_google_email"", ""rank"": 2, ""score"": 0.69921875}, {""name"": ""outlook_mail_management_send_email"", ""rank"": 3, ""score"": 0.6796875}, {""name"": ""outlook_mail_management_reply_to_email"", ""rank"": 4, ""score"": 0.671875}]",selection_failure
development,bounded_max_gap,conversation_003,multi_turn,required,Find the authentication repository,Find the authentication repository,github_mcp_server_search_repositories,3,0.43359375,2,"[{""cutoff"": 2, ""intent"": ""Find the authentication repository""}]","[{""name"": ""github_mcp_server_create_repository"", ""rank"": 1, ""score"": 0.458984375}, {""name"": ""github_mcp_server_get_me"", ""rank"": 2, ""score"": 0.458984375}, {""name"": ""github_mcp_server_search_repositories"", ""rank"": 3, ""score"": 0.43359375}, {""name"": ""github_mcp_server_get_commit"", ""rank"": 4, ""score"": 0.42578125}]",selection_failure
development,bounded_max_gap,conversation_003,multi_turn,required,Update a file in it,Update a file in it,github_mcp_server_create_or_update_file,2,0.515625,1,"[{""cutoff"": 1, ""intent"": ""Update a file in it""}]","[{""name"": ""quest_studio_file_storage_update_file"", ""rank"": 1, ""score"": 0.70703125}, {""name"": ""github_mcp_server_create_or_update_file"", ""rank"": 2, ""score"": 0.515625}, {""name"": ""quest_studio_file_storage_get_file_content"", ""rank"": 3, ""score"": 0.494140625}]",selection_failure
development,bounded_max_gap,conversation_003,multi_turn,supporting,Update a file in it,Update a file in it,github_mcp_server_get_file_contents,28,0.3984375,1,"[{""cutoff"": 1, ""intent"": ""Update a file in it""}]","[{""name"": ""quest_studio_file_storage_update_file"", ""rank"": 1, ""score"": 0.70703125}, {""name"": ""github_mcp_server_create_or_update_file"", ""rank"": 2, ""score"": 0.515625}, {""name"": ""quest_studio_file_storage_get_file_content"", ""rank"": 3, ""score"": 0.494140625}]",ranking_failure
development,ranked_score_knee,conversation_003,multi_turn,required,Find the authentication repository,Find the authentication repository,github_mcp_server_search_repositories,3,0.43359375,2,"[{""cutoff"": 2, ""intent"": ""Find the authentication repository""}]","[{""name"": ""github_mcp_server_create_repository"", ""rank"": 1, ""score"": 0.458984375}, {""name"": ""github_mcp_server_get_me"", ""rank"": 2, ""score"": 0.458984375}, {""name"": ""github_mcp_server_search_repositories"", ""rank"": 3, ""score"": 0.43359375}, {""name"": ""github_mcp_server_get_commit"", ""rank"": 4, ""score"": 0.42578125}]",selection_failure
development,ranked_score_knee,conversation_003,multi_turn,supporting,Update a file in it,Update a file in it,github_mcp_server_get_file_contents,28,0.3984375,16,"[{""cutoff"": 16, ""intent"": ""Update a file in it""}]","[{""name"": ""project_management_tools_update_work_item"", ""rank"": 15, ""score"": 0.4453125}, {""name"": ""quest_studio_file_storage_get_file"", ""rank"": 16, ""score"": 0.443359375}, {""name"": ""github_mcp_server_delete_file"", ""rank"": 17, ""score"": 0.43359375}, {""name"": ""office_word_mcp_server_api_copy_document"", ""rank"": 18, ""score"": 0.431640625}]",ranking_failure
development,bounded_max_gap,conversation_006,multi_turn,required,Find the sprint report in my files,Find the sprint report in my files,quest_studio_file_storage_get_files,20,0.57421875,4,"[{""cutoff"": 4, ""intent"": ""Find the sprint report in my files""}]","[{""name"": ""project_management_tools_export_sprint_to_sharepoint"", ""rank"": 3, ""score"": 0.703125}, {""name"": ""project_management_tools_create_sprint"", ""rank"": 4, ""score"": 0.68359375}, {""name"": ""project_management_tools_get_user_capacity"", ""rank"": 5, ""score"": 0.6484375}, {""name"": ""project_management_tools_delete_sprint"", ""rank"": 6, ""score"": 0.6484375}]",ranking_failure
development,bounded_max_gap,conversation_006,multi_turn,supporting,Read that file,Read that file,quest_studio_file_storage_get_file,3,0.4921875,1,"[{""cutoff"": 1, ""intent"": ""Read that file""}]","[{""name"": ""quest_studio_file_storage_get_file_content"", ""rank"": 1, ""score"": 0.55078125}, {""name"": ""github_mcp_server_get_file_contents"", ""rank"": 2, ""score"": 0.498046875}, {""name"": ""quest_studio_file_storage_get_file"", ""rank"": 3, ""score"": 0.4921875}]",selection_failure
development,ranked_score_knee,conversation_006,multi_turn,required,Find the sprint report in my files,Find the sprint report in my files,quest_studio_file_storage_get_files,20,0.57421875,16,"[{""cutoff"": 16, ""intent"": ""Find the sprint report in my files""}]","[{""name"": ""railway_tools_project_environments"", ""rank"": 15, ""score"": 0.5859375}, {""name"": ""project_management_tools_update_user_capacity"", ""rank"": 16, ""score"": 0.5859375}, {""name"": ""office_word_mcp_server_api_copy_document"", ""rank"": 17, ""score"": 0.5859375}, {""name"": ""github_mcp_server_get_commit"", ""rank"": 18, ""score"": 0.58203125}]",ranking_failure
development,relative_threshold_0.80,conversation_006,multi_turn,required,Find the sprint report in my files,Find the sprint report in my files,quest_studio_file_storage_get_files,20,0.57421875,11,"[{""cutoff"": 11, ""intent"": ""Find the sprint report in my files""}]","[{""name"": ""quest_studio_file_storage_get_file_content"", ""rank"": 10, ""score"": 0.59375}, {""name"": ""github_mcp_server_pull_request_read"", ""rank"": 11, ""score"": 0.58984375}, {""name"": ""quest_studio_file_storage_get_file"", ""rank"": 12, ""score"": 0.5859375}, {""name"": ""office_word_mcp_server_api_get_document_outline"", ""rank"": 13, ""score"": 0.5859375}]",ranking_failure
held_out,bounded_max_gap,single_010,single_capability,required,List services in my Railway project,List services in my Railway project,railway_tools_service_list,2,0.796875,1,"[{""cutoff"": 1, ""intent"": ""List services in my Railway project""}]","[{""name"": ""railway_tools_project_list"", ""rank"": 1, ""score"": 0.828125}, {""name"": ""railway_tools_service_list"", ""rank"": 2, ""score"": 0.796875}, {""name"": ""railway_tools_project_info"", ""rank"": 3, ""score"": 0.7890625}]",selection_failure
held_out,bounded_max_gap,family_007,capability_family,supporting,Create a text file in SharePoint,Create a text file in SharePoint,sharepoint_tools_get_sharepoint_sites,20,0.5703125,1,"[{""cutoff"": 1, ""intent"": ""Create a text file in SharePoint""}]","[{""name"": ""sharepoint_tools_create_txt_file_in_sharepoint"", ""rank"": 1, ""score"": 0.87890625}, {""name"": ""office_word_mcp_server_api_create_word_document"", ""rank"": 2, ""score"": 0.70703125}, {""name"": ""office_word_mcp_server_api_add_table"", ""rank"": 3, ""score"": 0.66015625}]",ranking_failure
held_out,bounded_max_gap,family_007,capability_family,supporting,Create a text file in SharePoint,Create a text file in SharePoint,sharepoint_tools_get_sharepoint_documents,7,0.640625,1,"[{""cutoff"": 1, ""intent"": ""Create a text file in SharePoint""}]","[{""name"": ""sharepoint_tools_create_txt_file_in_sharepoint"", ""rank"": 1, ""score"": 0.87890625}, {""name"": ""office_word_mcp_server_api_create_word_document"", ""rank"": 2, ""score"": 0.70703125}, {""name"": ""office_word_mcp_server_api_add_table"", ""rank"": 3, ""score"": 0.66015625}]",selection_failure
held_out,ranked_score_knee,family_007,capability_family,supporting,Create a text file in SharePoint,Create a text file in SharePoint,sharepoint_tools_get_sharepoint_sites,20,0.5703125,16,"[{""cutoff"": 16, ""intent"": ""Create a text file in SharePoint""}]","[{""name"": ""office_word_mcp_server_api_merge_doucments"", ""rank"": 15, ""score"": 0.58984375}, {""name"": ""office_word_mcp_server_api_find_text_in_document"", ""rank"": 16, ""score"": 0.58984375}, {""name"": ""office_word_mcp_server_api_add_page_break"", ""rank"": 17, ""score"": 0.5859375}, {""name"": ""office_word_mcp_server_api_get_document_xml"", ""rank"": 18, ""score"": 0.5859375}]",ranking_failure
held_out,relative_threshold_0.80,family_007,capability_family,supporting,Create a text file in SharePoint,Create a text file in SharePoint,sharepoint_tools_get_sharepoint_sites,20,0.5703125,2,"[{""cutoff"": 2, ""intent"": ""Create a text file in SharePoint""}]","[{""name"": ""sharepoint_tools_create_txt_file_in_sharepoint"", ""rank"": 1, ""score"": 0.87890625}, {""name"": ""office_word_mcp_server_api_create_word_document"", ""rank"": 2, ""score"": 0.70703125}, {""name"": ""office_word_mcp_server_api_add_table"", ""rank"": 3, ""score"": 0.66015625}, {""name"": ""project_management_tools_export_sprint_to_sharepoint"", ""rank"": 4, ""score"": 0.65234375}]",ranking_failure
held_out,relative_threshold_0.80,family_007,capability_family,supporting,Create a text file in SharePoint,Create a text file in SharePoint,sharepoint_tools_get_sharepoint_documents,7,0.640625,2,"[{""cutoff"": 2, ""intent"": ""Create a text file in SharePoint""}]","[{""name"": ""sharepoint_tools_create_txt_file_in_sharepoint"", ""rank"": 1, ""score"": 0.87890625}, {""name"": ""office_word_mcp_server_api_create_word_document"", ""rank"": 2, ""score"": 0.70703125}, {""name"": ""office_word_mcp_server_api_add_table"", ""rank"": 3, ""score"": 0.66015625}, {""name"": ""project_management_tools_export_sprint_to_sharepoint"", ""rank"": 4, ""score"": 0.65234375}]",selection_failure
held_out,bounded_max_gap,family_009,capability_family,supporting,Convert a Word document to PDF,Convert a Word document to PDF,office_word_mcp_server_api_get_document_text,2,0.73046875,1,"[{""cutoff"": 1, ""intent"": ""Convert a Word document to PDF""}]","[{""name"": ""office_word_mcp_server_api_convert_to_pdf"", ""rank"": 1, ""score"": 0.828125}, {""name"": ""office_word_mcp_server_api_get_document_text"", ""rank"": 2, ""score"": 0.73046875}, {""name"": ""office_word_mcp_server_api_add_picture"", ""rank"": 3, ""score"": 0.73046875}]",selection_failure
held_out,bounded_max_gap,family_009,capability_family,supporting,Convert a Word document to PDF,Convert a Word document to PDF,office_word_mcp_server_api_get_document_info,11,0.70703125,1,"[{""cutoff"": 1, ""intent"": ""Convert a Word document to PDF""}]","[{""name"": ""office_word_mcp_server_api_convert_to_pdf"", ""rank"": 1, ""score"": 0.828125}, {""name"": ""office_word_mcp_server_api_get_document_text"", ""rank"": 2, ""score"": 0.73046875}, {""name"": ""office_word_mcp_server_api_add_picture"", ""rank"": 3, ""score"": 0.73046875}]",selection_failure
held_out,bounded_max_gap,family_010,capability_family,supporting,Create a GitHub branch,Create a GitHub branch,github_mcp_server_get_file_contents,13,0.51953125,1,"[{""cutoff"": 1, ""intent"": ""Create a GitHub branch""}]","[{""name"": ""github_mcp_server_create_branch"", ""rank"": 1, ""score"": 0.8671875}, {""name"": ""github_mcp_server_create_repository"", ""rank"": 2, ""score"": 0.6796875}, {""name"": ""github_mcp_server_create_pull_request"", ""rank"": 3, ""score"": 0.67578125}]",selection_failure
held_out,bounded_max_gap,family_010,capability_family,supporting,Create a GitHub branch,Create a GitHub branch,github_mcp_server_list_branches,4,0.66015625,1,"[{""cutoff"": 1, ""intent"": ""Create a GitHub branch""}]","[{""name"": ""github_mcp_server_create_branch"", ""rank"": 1, ""score"": 0.8671875}, {""name"": ""github_mcp_server_create_repository"", ""rank"": 2, ""score"": 0.6796875}, {""name"": ""github_mcp_server_create_pull_request"", ""rank"": 3, ""score"": 0.67578125}]",selection_failure
held_out,relative_threshold_0.80,family_010,capability_family,supporting,Create a GitHub branch,Create a GitHub branch,github_mcp_server_get_file_contents,13,0.51953125,1,"[{""cutoff"": 1, ""intent"": ""Create a GitHub branch""}]","[{""name"": ""github_mcp_server_create_branch"", ""rank"": 1, ""score"": 0.8671875}, {""name"": ""github_mcp_server_create_repository"", ""rank"": 2, ""score"": 0.6796875}, {""name"": ""github_mcp_server_create_pull_request"", ""rank"": 3, ""score"": 0.67578125}]",selection_failure
held_out,relative_threshold_0.80,family_010,capability_family,supporting,Create a GitHub branch,Create a GitHub branch,github_mcp_server_list_branches,4,0.66015625,1,"[{""cutoff"": 1, ""intent"": ""Create a GitHub branch""}]","[{""name"": ""github_mcp_server_create_branch"", ""rank"": 1, ""score"": 0.8671875}, {""name"": ""github_mcp_server_create_repository"", ""rank"": 2, ""score"": 0.6796875}, {""name"": ""github_mcp_server_create_pull_request"", ""rank"": 3, ""score"": 0.67578125}]",selection_failure
held_out,bounded_max_gap,compound_007,compound,supporting,Search Outlook mail and reply to the latest message,Search Outlook mail;reply to the latest message,outlook_mail_management_get_email_messages,2,0.734375,1,"[{""cutoff"": 1, ""intent"": ""Search Outlook mail""}, {""cutoff"": 2, ""intent"": ""reply to the latest message""}]","[{""name"": ""outlook_mail_management_search_outlook_mail"", ""rank"": 1, ""score"": 0.87109375}, {""name"": ""outlook_mail_management_get_email_messages"", ""rank"": 2, ""score"": 0.734375}, {""name"": ""gmail_tools_reply_google_email"", ""rank"": 3, ""score"": 0.73046875}]",selection_failure
held_out,bounded_max_gap,compound_009,compound,supporting,Create a Word document and convert it to PDF,Create a Word document;convert it to PDF,office_word_mcp_server_api_add_paragraph,2,0.71875,1,"[{""cutoff"": 1, ""intent"": ""Create a Word document""}, {""cutoff"": 1, ""intent"": ""convert it to PDF""}]","[{""name"": ""office_word_mcp_server_api_create_word_document"", ""rank"": 1, ""score"": 0.74609375}, {""name"": ""office_word_mcp_server_api_add_paragraph"", ""rank"": 2, ""score"": 0.71875}, {""name"": ""office_word_mcp_server_api_add_table"", ""rank"": 3, ""score"": 0.71875}]",selection_failure
held_out,bounded_max_gap,compound_010,compound,supporting,Get a database schema and select its table data,Get a database schema;select its table data,supabase_mcp_check_database_health,3,0.62109375,1,"[{""cutoff"": 1, ""intent"": ""Get a database schema""}, {""cutoff"": 1, ""intent"": ""select its table data""}]","[{""name"": ""supabase_mcp_get_table_schema"", ""rank"": 1, ""score"": 0.75}, {""name"": ""supabase_mcp_get_database_tables"", ""rank"": 2, ""score"": 0.67578125}, {""name"": ""supabase_mcp_check_database_health"", ""rank"": 3, ""score"": 0.62109375}]",selection_failure
held_out,bounded_max_gap,dependency_007,hidden_dependency,supporting,Add the findings table to the new document,Add the findings table to the new document,office_word_mcp_server_api_create_word_document,9,0.466796875,1,"[{""cutoff"": 1, ""intent"": ""Add the findings table to the new document""}]","[{""name"": ""office_word_mcp_server_api_add_table"", ""rank"": 1, ""score"": 0.61328125}, {""name"": ""office_word_mcp_server_api_add_heading"", ""rank"": 2, ""score"": 0.53125}, {""name"": ""office_word_mcp_server_api_add_paragraph"", ""rank"": 3, ""score"": 0.52734375}]",selection_failure
held_out,bounded_max_gap,dependency_007,hidden_dependency,supporting,Add the findings table to the new document,Add the findings table to the new document,office_word_mcp_server_api_add_paragraph,3,0.52734375,1,"[{""cutoff"": 1, ""intent"": ""Add the findings table to the new document""}]","[{""name"": ""office_word_mcp_server_api_add_table"", ""rank"": 1, ""score"": 0.61328125}, {""name"": ""office_word_mcp_server_api_add_heading"", ""rank"": 2, ""score"": 0.53125}, {""name"": ""office_word_mcp_server_api_add_paragraph"", ""rank"": 3, ""score"": 0.52734375}]",selection_failure
held_out,relative_threshold_0.80,dependency_007,hidden_dependency,supporting,Add the findings table to the new document,Add the findings table to the new document,office_word_mcp_server_api_create_word_document,9,0.466796875,5,"[{""cutoff"": 5, ""intent"": ""Add the findings table to the new document""}]","[{""name"": ""office_word_mcp_server_api_find_text_in_document"", ""rank"": 4, ""score"": 0.5234375}, {""name"": ""office_word_mcp_server_api_get_document_outline"", ""rank"": 5, ""score"": 0.5078125}, {""name"": ""office_word_mcp_server_api_add_page_break"", ""rank"": 6, ""score"": 0.484375}, {""name"": ""supabase_mcp_insert_table_data"", ""rank"": 7, ""score"": 0.482421875}]",selection_failure
held_out,bounded_max_gap,dependency_008,hidden_dependency,supporting,Create the note in our SharePoint library,Create the note in our SharePoint library,sharepoint_tools_get_sharepoint_sites,28,0.427734375,1,"[{""cutoff"": 1, ""intent"": ""Create the note in our SharePoint library""}]","[{""name"": ""sharepoint_tools_create_txt_file_in_sharepoint"", ""rank"": 1, ""score"": 0.62890625}, {""name"": ""office_word_mcp_server_api_create_word_document"", ""rank"": 2, ""score"": 0.55859375}, {""name"": ""office_word_mcp_server_api_add_paragraph"", ""rank"": 3, ""score"": 0.55078125}]",ranking_failure
held_out,bounded_max_gap,dependency_008,hidden_dependency,supporting,Create the note in our SharePoint library,Create the note in our SharePoint library,sharepoint_tools_get_sharepoint_documents,16,0.462890625,1,"[{""cutoff"": 1, ""intent"": ""Create the note in our SharePoint library""}]","[{""name"": ""sharepoint_tools_create_txt_file_in_sharepoint"", ""rank"": 1, ""score"": 0.62890625}, {""name"": ""office_word_mcp_server_api_create_word_document"", ""rank"": 2, ""score"": 0.55859375}, {""name"": ""office_word_mcp_server_api_add_paragraph"", ""rank"": 3, ""score"": 0.55078125}]",selection_failure
held_out,ranked_score_knee,dependency_008,hidden_dependency,supporting,Create the note in our SharePoint library,Create the note in our SharePoint library,sharepoint_tools_get_sharepoint_sites,28,0.427734375,16,"[{""cutoff"": 16, ""intent"": ""Create the note in our SharePoint library""}]","[{""name"": ""github_mcp_server_create_branch"", ""rank"": 15, ""score"": 0.46484375}, {""name"": ""sharepoint_tools_get_sharepoint_documents"", ""rank"": 16, ""score"": 0.462890625}, {""name"": ""carrot_mcp_server_api_log_hours_entry"", ""rank"": 17, ""score"": 0.458984375}, {""name"": ""github_mcp_server_create_pull_request"", ""rank"": 18, ""score"": 0.458984375}]",ranking_failure
held_out,relative_threshold_0.80,dependency_008,hidden_dependency,supporting,Create the note in our SharePoint library,Create the note in our SharePoint library,sharepoint_tools_get_sharepoint_sites,28,0.427734375,8,"[{""cutoff"": 8, ""intent"": ""Create the note in our SharePoint library""}]","[{""name"": ""project_management_tools_add_work_item_comment"", ""rank"": 7, ""score"": 0.51953125}, {""name"": ""office_word_mcp_server_api_add_heading"", ""rank"": 8, ""score"": 0.515625}, {""name"": ""carrot_mcp_server_api_create_employee"", ""rank"": 9, ""score"": 0.5}, {""name"": ""project_management_tools_export_sprint_to_sharepoint"", ""rank"": 10, ""score"": 0.498046875}]",ranking_failure
held_out,relative_threshold_0.80,dependency_008,hidden_dependency,supporting,Create the note in our SharePoint library,Create the note in our SharePoint library,sharepoint_tools_get_sharepoint_documents,16,0.462890625,8,"[{""cutoff"": 8, ""intent"": ""Create the note in our SharePoint library""}]","[{""name"": ""project_management_tools_add_work_item_comment"", ""rank"": 7, ""score"": 0.51953125}, {""name"": ""office_word_mcp_server_api_add_heading"", ""rank"": 8, ""score"": 0.515625}, {""name"": ""carrot_mcp_server_api_create_employee"", ""rank"": 9, ""score"": 0.5}, {""name"": ""project_management_tools_export_sprint_to_sharepoint"", ""rank"": 10, ""score"": 0.498046875}]",selection_failure
held_out,bounded_max_gap,dependency_010,hidden_dependency,supporting,Push the prepared changes to the repository,Push the prepared changes to the repository,github_mcp_server_get_file_contents,22,0.396484375,1,"[{""cutoff"": 1, ""intent"": ""Push the prepared changes to the repository""}]","[{""name"": ""github_mcp_server_push_files"", ""rank"": 1, ""score"": 0.57421875}, {""name"": ""github_mcp_server_update_pull_request"", ""rank"": 2, ""score"": 0.53515625}, {""name"": ""github_mcp_server_create_pull_request"", ""rank"": 3, ""score"": 0.53125}]",ranking_failure
held_out,bounded_max_gap,dependency_010,hidden_dependency,supporting,Push the prepared changes to the repository,Push the prepared changes to the repository,github_mcp_server_list_branches,19,0.421875,1,"[{""cutoff"": 1, ""intent"": ""Push the prepared changes to the repository""}]","[{""name"": ""github_mcp_server_push_files"", ""rank"": 1, ""score"": 0.57421875}, {""name"": ""github_mcp_server_update_pull_request"", ""rank"": 2, ""score"": 0.53515625}, {""name"": ""github_mcp_server_create_pull_request"", ""rank"": 3, ""score"": 0.53125}]",ranking_failure
held_out,ranked_score_knee,dependency_010,hidden_dependency,supporting,Push the prepared changes to the repository,Push the prepared changes to the repository,github_mcp_server_get_file_contents,22,0.396484375,16,"[{""cutoff"": 16, ""intent"": ""Push the prepared changes to the repository""}]","[{""name"": ""railway_tools_service_create_from_repo"", ""rank"": 15, ""score"": 0.43359375}, {""name"": ""supabase_mcp_insert_table_data"", ""rank"": 16, ""score"": 0.43359375}, {""name"": ""quest_studio_file_storage_update_file"", ""rank"": 17, ""score"": 0.431640625}, {""name"": ""railway_tools_volume_update"", ""rank"": 18, ""score"": 0.431640625}]",ranking_failure
held_out,ranked_score_knee,dependency_010,hidden_dependency,supporting,Push the prepared changes to the repository,Push the prepared changes to the repository,github_mcp_server_list_branches,19,0.421875,16,"[{""cutoff"": 16, ""intent"": ""Push the prepared changes to the repository""}]","[{""name"": ""railway_tools_service_create_from_repo"", ""rank"": 15, ""score"": 0.43359375}, {""name"": ""supabase_mcp_insert_table_data"", ""rank"": 16, ""score"": 0.43359375}, {""name"": ""quest_studio_file_storage_update_file"", ""rank"": 17, ""score"": 0.431640625}, {""name"": ""railway_tools_volume_update"", ""rank"": 18, ""score"": 0.431640625}]",ranking_failure
held_out,relative_threshold_0.80,dependency_010,hidden_dependency,supporting,Push the prepared changes to the repository,Push the prepared changes to the repository,github_mcp_server_get_file_contents,22,0.396484375,10,"[{""cutoff"": 10, ""intent"": ""Push the prepared changes to the repository""}]","[{""name"": ""github_mcp_server_list_pull_requests"", ""rank"": 9, ""score"": 0.4609375}, {""name"": ""github_mcp_server_pull_request_read"", ""rank"": 10, ""score"": 0.4609375}, {""name"": ""github_mcp_server_list_commits"", ""rank"": 11, ""score"": 0.458984375}, {""name"": ""github_mcp_server_get_commit"", ""rank"": 12, ""score"": 0.458984375}]",ranking_failure
held_out,relative_threshold_0.80,dependency_010,hidden_dependency,supporting,Push the prepared changes to the repository,Push the prepared changes to the repository,github_mcp_server_list_branches,19,0.421875,10,"[{""cutoff"": 10, ""intent"": ""Push the prepared changes to the repository""}]","[{""name"": ""github_mcp_server_list_pull_requests"", ""rank"": 9, ""score"": 0.4609375}, {""name"": ""github_mcp_server_pull_request_read"", ""rank"": 10, ""score"": 0.4609375}, {""name"": ""github_mcp_server_list_commits"", ""rank"": 11, ""score"": 0.458984375}, {""name"": ""github_mcp_server_get_commit"", ""rank"": 12, ""score"": 0.458984375}]",ranking_failure
held_out,bounded_max_gap,conversation_007,multi_turn,supporting,Mark that item as done,Mark that item as done,project_management_tools_get_work_item,7,0.478515625,5,"[{""cutoff"": 5, ""intent"": ""Mark that item as done""}]","[{""name"": ""project_management_tools_list_work_items"", ""rank"": 4, ""score"": 0.52734375}, {""name"": ""project_management_tools_update_work_item"", ""rank"": 5, ""score"": 0.5234375}, {""name"": ""project_management_tools_create_work_item"", ""rank"": 6, ""score"": 0.49609375}, {""name"": ""project_management_tools_get_work_item"", ""rank"": 7, ""score"": 0.478515625}]",selection_failure
