task_id,method,query,required_tool,required_hits,required_misses,intent_details
single_007,fixed_k_1,Check database connectivity,supabase_mcp_check_database_health,supabase_mcp_check_database_health,,"[{""cutoff"": 1, ""selected"": [""supabase_mcp_check_database_health""], ""text"": ""Check database connectivity""}]"
single_007,fixed_k_2,Check database connectivity,supabase_mcp_check_database_health,supabase_mcp_check_database_health,,"[{""cutoff"": 2, ""selected"": [""supabase_mcp_check_database_health"", ""railway_tools_database_list_types""], ""text"": ""Check database connectivity""}]"
single_007,fixed_k_4,Check database connectivity,supabase_mcp_check_database_health,supabase_mcp_check_database_health,,"[{""cutoff"": 4, ""selected"": [""supabase_mcp_check_database_health"", ""railway_tools_database_list_types"", ""supabase_mcp_get_database_tables"", ""supabase_mcp_get_table_schema""], ""text"": ""Check database connectivity""}]"
single_007,fixed_k_8,Check database connectivity,supabase_mcp_check_database_health,supabase_mcp_check_database_health,,"[{""cutoff"": 8, ""selected"": [""supabase_mcp_check_database_health"", ""railway_tools_database_list_types"", ""supabase_mcp_get_database_tables"", ""supabase_mcp_get_table_schema"", ""supabase_mcp_select_database_table_data"", ""railway_tools_volume_list"", ""supabase_mcp_update_database_table_data"", ""supabase_mcp_insert_table_data""], ""text"": ""Check database connectivity""}]"
single_007,fixed_k_16,Check database connectivity,supabase_mcp_check_database_health,supabase_mcp_check_database_health,,"[{""cutoff"": 16, ""selected"": [""supabase_mcp_check_database_health"", ""railway_tools_database_list_types"", ""supabase_mcp_get_database_tables"", ""supabase_mcp_get_table_schema"", ""supabase_mcp_select_database_table_data"", ""railway_tools_volume_list"", ""supabase_mcp_update_database_table_data"", ""supabase_mcp_insert_table_data"", ""railway_tools_service_restart"", ""railway_tools_volume_create"", ""supabase_mcp_get_all_supabase_projects"", ""quest_studio_file_storage_get_storage_usage"", ""railway_tools_service_info"", ""railway_tools_service_create_from_image"", ""railway_tools_project_create"", ""railway_tools_project_environments""], ""text"": ""Check database connectivity""}]"
single_007,bounded_max_gap,Check database connectivity,supabase_mcp_check_database_health,supabase_mcp_check_database_health,,"[{""cutoff"": 1, ""selected"": [""supabase_mcp_check_database_health""], ""text"": ""Check database connectivity""}]"
single_007,ranked_score_knee,Check database connectivity,supabase_mcp_check_database_health,supabase_mcp_check_database_health,,"[{""cutoff"": 16, ""selected"": [""supabase_mcp_check_database_health"", ""railway_tools_database_list_types"", ""supabase_mcp_get_database_tables"", ""supabase_mcp_get_table_schema"", ""supabase_mcp_select_database_table_data"", ""railway_tools_volume_list"", ""supabase_mcp_update_database_table_data"", ""supabase_mcp_insert_table_data"", ""railway_tools_service_restart"", ""railway_tools_volume_create"", ""supabase_mcp_get_all_supabase_projects"", ""quest_studio_file_storage_get_storage_usage"", ""railway_tools_service_info"", ""railway_tools_service_create_from_image"", ""railway_tools_project_create"", ""railway_tools_project_environments""], ""text"": ""Check database connectivity""}]"
single_007,relative_threshold_0.80,Check database connectivity,supabase_mcp_check_database_health,supabase_mcp_check_database_health,,"[{""cutoff"": 1, ""selected"": [""supabase_mcp_check_database_health""], ""text"": ""Check database connectivity""}]"
single_008,fixed_k_1,List the teams in my project,project_management_tools_list_teams,project_management_tools_list_teams,,"[{""cutoff"": 1, ""selected"": [""project_management_tools_list_teams""], ""text"": ""List the teams in my project""}]"
single_008,fixed_k_2,List the teams in my project,project_management_tools_list_teams,project_management_tools_list_teams,,"[{""cutoff"": 2, ""selected"": [""project_management_tools_list_teams"", ""project_management_tools_get_team""], ""text"": ""List the teams in my project""}]"
single_008,fixed_k_4,List the teams in my project,project_management_tools_list_teams,project_management_tools_list_teams,,"[{""cutoff"": 4, ""selected"": [""project_management_tools_list_teams"", ""project_management_tools_get_team"", ""project_management_tools_list_team_members"", ""project_management_tools_delete_team""], ""text"": ""List the teams in my project""}]"
single_008,fixed_k_8,List the teams in my project,project_management_tools_list_teams,project_management_tools_list_teams,,"[{""cutoff"": 8, ""selected"": [""project_management_tools_list_teams"", ""project_management_tools_get_team"", ""project_management_tools_list_team_members"", ""project_management_tools_delete_team"", ""project_management_tools_create_team"", ""project_management_tools_list_projects"", ""railway_tools_project_info"", ""supabase_mcp_get_all_supabase_projects""], ""text"": ""List the teams in my project""}]"
single_008,fixed_k_16,List the teams in my project,project_management_tools_list_teams,project_management_tools_list_teams,,"[{""cutoff"": 16, ""selected"": [""project_management_tools_list_teams"", ""project_management_tools_get_team"", ""project_management_tools_list_team_members"", ""project_management_tools_delete_team"", ""project_management_tools_create_team"", ""project_management_tools_list_projects"", ""railway_tools_project_info"", ""supabase_mcp_get_all_supabase_projects"", ""railway_tools_project_environments"", ""supabase_mcp_get_database_tables"", ""project_management_tools_view_board"", ""railway_tools_service_list"", ""project_management_tools_list_sprints"", ""railway_tools_project_list"", ""railway_tools_volume_list"", ""supabase_mcp_select_database_table_data""], ""text"": ""List the teams in my project""}]"
single_008,bounded_max_gap,List the teams in my project,project_management_tools_list_teams,project_management_tools_list_teams,,"[{""cutoff"": 1, ""selected"": [""project_management_tools_list_teams""], ""text"": ""List the teams in my project""}]"
single_008,ranked_score_knee,List the teams in my project,project_management_tools_list_teams,project_management_tools_list_teams,,"[{""cutoff"": 16, ""selected"": [""project_management_tools_list_teams"", ""project_management_tools_get_team"", ""project_management_tools_list_team_members"", ""project_management_tools_delete_team"", ""project_management_tools_create_team"", ""project_management_tools_list_projects"", ""railway_tools_project_info"", ""supabase_mcp_get_all_supabase_projects"", ""railway_tools_project_environments"", ""supabase_mcp_get_database_tables"", ""project_management_tools_view_board"", ""railway_tools_service_list"", ""project_management_tools_list_sprints"", ""railway_tools_project_list"", ""railway_tools_volume_list"", ""supabase_mcp_select_database_table_data""], ""text"": ""List the teams in my project""}]"
single_008,relative_threshold_0.80,List the teams in my project,project_management_tools_list_teams,project_management_tools_list_teams,,"[{""cutoff"": 12, ""selected"": [""project_management_tools_list_teams"", ""project_management_tools_get_team"", ""project_management_tools_list_team_members"", ""project_management_tools_delete_team"", ""project_management_tools_create_team"", ""project_management_tools_list_projects"", ""railway_tools_project_info"", ""supabase_mcp_get_all_supabase_projects"", ""railway_tools_project_environments"", ""supabase_mcp_get_database_tables"", ""project_management_tools_view_board"", ""railway_tools_service_list""], ""text"": ""List the teams in my project""}]"
single_009,fixed_k_1,Show my storage usage,quest_studio_file_storage_get_storage_usage,quest_studio_file_storage_get_storage_usage,,"[{""cutoff"": 1, ""selected"": [""quest_studio_file_storage_get_storage_usage""], ""text"": ""Show my storage usage""}]"
single_009,fixed_k_2,Show my storage usage,quest_studio_file_storage_get_storage_usage,quest_studio_file_storage_get_storage_usage,,"[{""cutoff"": 2, ""selected"": [""quest_studio_file_storage_get_storage_usage"", ""railway_tools_volume_list""], ""text"": ""Show my storage usage""}]"
single_009,fixed_k_4,Show my storage usage,quest_studio_file_storage_get_storage_usage,quest_studio_file_storage_get_storage_usage,,"[{""cutoff"": 4, ""selected"": [""quest_studio_file_storage_get_storage_usage"", ""railway_tools_volume_list"", ""quest_studio_file_storage_get_files"", ""quest_studio_file_storage_get_file""], ""text"": ""Show my storage usage""}]"
single_009,fixed_k_8,Show my storage usage,quest_studio_file_storage_get_storage_usage,quest_studio_file_storage_get_storage_usage,,"[{""cutoff"": 8, ""selected"": [""quest_studio_file_storage_get_storage_usage"", ""railway_tools_volume_list"", ""quest_studio_file_storage_get_files"", ""quest_studio_file_storage_get_file"", ""quest_studio_file_storage_get_file_content"", ""railway_tools_volume_delete"", ""office_word_mcp_server_api_get_document_info"", ""supabase_mcp_check_database_health""], ""text"": ""Show my storage usage""}]"
single_009,fixed_k_16,Show my storage usage,quest_studio_file_storage_get_storage_usage,quest_studio_file_storage_get_storage_usage,,"[{""cutoff"": 16, ""selected"": [""quest_studio_file_storage_get_storage_usage"", ""railway_tools_volume_list"", ""quest_studio_file_storage_get_files"", ""quest_studio_file_storage_get_file"", ""quest_studio_file_storage_get_file_content"", ""railway_tools_volume_delete"", ""office_word_mcp_server_api_get_document_info"", ""supabase_mcp_check_database_health"", ""railway_tools_service_info"", ""quest_studio_file_storage_delete_file"", ""supabase_mcp_get_table_schema"", ""railway_tools_project_environments"", ""quest_studio_file_storage_query_files"", ""office_word_mcp_server_api_get_document_outline"", ""railway_tools_volume_create"", ""github_mcp_server_get_file_contents""], ""text"": ""Show my storage usage""}]"
single_009,bounded_max_gap,Show my storage usage,quest_studio_file_storage_get_storage_usage,quest_studio_file_storage_get_storage_usage,,"[{""cutoff"": 1, ""selected"": [""quest_studio_file_storage_get_storage_usage""], ""text"": ""Show my storage usage""}]"
single_009,ranked_score_knee,Show my storage usage,quest_studio_file_storage_get_storage_usage,quest_studio_file_storage_get_storage_usage,,"[{""cutoff"": 16, ""selected"": [""quest_studio_file_storage_get_storage_usage"", ""railway_tools_volume_list"", ""quest_studio_file_storage_get_files"", ""quest_studio_file_storage_get_file"", ""quest_studio_file_storage_get_file_content"", ""railway_tools_volume_delete"", ""office_word_mcp_server_api_get_document_info"", ""supabase_mcp_check_database_health"", ""railway_tools_service_info"", ""quest_studio_file_storage_delete_file"", ""supabase_mcp_get_table_schema"", ""railway_tools_project_environments"", ""quest_studio_file_storage_query_files"", ""office_word_mcp_server_api_get_document_outline"", ""railway_tools_volume_create"", ""github_mcp_server_get_file_contents""], ""text"": ""Show my storage usage""}]"
single_009,relative_threshold_0.80,Show my storage usage,quest_studio_file_storage_get_storage_usage,quest_studio_file_storage_get_storage_usage,,"[{""cutoff"": 1, ""selected"": [""quest_studio_file_storage_get_storage_usage""], ""text"": ""Show my storage usage""}]"
single_010,fixed_k_1,List services in my Railway project,railway_tools_service_list,,railway_tools_service_list,"[{""cutoff"": 1, ""selected"": [""railway_tools_project_list""], ""text"": ""List services in my Railway project""}]"
single_010,fixed_k_2,List services in my Railway project,railway_tools_service_list,railway_tools_service_list,,"[{""cutoff"": 2, ""selected"": [""railway_tools_project_list"", ""railway_tools_service_list""], ""text"": ""List services in my Railway project""}]"
single_010,fixed_k_4,List services in my Railway project,railway_tools_service_list,railway_tools_service_list,,"[{""cutoff"": 4, ""selected"": [""railway_tools_project_list"", ""railway_tools_service_list"", ""railway_tools_project_info"", ""railway_tools_project_delete""], ""text"": ""List services in my Railway project""}]"
single_010,fixed_k_8,List services in my Railway project,railway_tools_service_list,railway_tools_service_list,,"[{""cutoff"": 8, ""selected"": [""railway_tools_project_list"", ""railway_tools_service_list"", ""railway_tools_project_info"", ""railway_tools_project_delete"", ""railway_tools_project_create"", ""railway_tools_service_info"", ""railway_tools_project_environments"", ""railway_tools_database_list_types""], ""text"": ""List services in my Railway project""}]"
single_010,fixed_k_16,List services in my Railway project,railway_tools_service_list,railway_tools_service_list,,"[{""cutoff"": 16, ""selected"": [""railway_tools_project_list"", ""railway_tools_service_list"", ""railway_tools_project_info"", ""railway_tools_project_delete"", ""railway_tools_project_create"", ""railway_tools_service_info"", ""railway_tools_project_environments"", ""railway_tools_database_list_types"", ""railway_tools_service_delete"", ""railway_tools_volume_list"", ""railway_tools_service_restart"", ""railway_tools_service_create_from_repo"", ""railway_tools_service_update"", ""supabase_mcp_get_database_tables"", ""project_management_tools_list_work_items"", ""railway_tools_volume_delete""], ""text"": ""List services in my Railway project""}]"
single_010,bounded_max_gap,List services in my Railway project,railway_tools_service_list,,railway_tools_service_list,"[{""cutoff"": 1, ""selected"": [""railway_tools_project_list""], ""text"": ""List services in my Railway project""}]"
single_010,ranked_score_knee,List services in my Railway project,railway_tools_service_list,railway_tools_service_list,,"[{""cutoff"": 16, ""selected"": [""railway_tools_project_list"", ""railway_tools_service_list"", ""railway_tools_project_info"", ""railway_tools_project_delete"", ""railway_tools_project_create"", ""railway_tools_service_info"", ""railway_tools_project_environments"", ""railway_tools_database_list_types"", ""railway_tools_service_delete"", ""railway_tools_volume_list"", ""railway_tools_service_restart"", ""railway_tools_service_create_from_repo"", ""railway_tools_service_update"", ""supabase_mcp_get_database_tables"", ""project_management_tools_list_work_items"", ""railway_tools_volume_delete""], ""text"": ""List services in my Railway project""}]"
single_010,relative_threshold_0.80,List services in my Railway project,railway_tools_service_list,railway_tools_service_list,,"[{""cutoff"": 9, ""selected"": [""railway_tools_project_list"", ""railway_tools_service_list"", ""railway_tools_project_info"", ""railway_tools_project_delete"", ""railway_tools_project_create"", ""railway_tools_service_info"", ""railway_tools_project_environments"", ""railway_tools_database_list_types"", ""railway_tools_service_delete""], ""text"": ""List services in my Railway project""}]"
